Date,Observation,TotalJobPostings,NewJobPostings
2020-02-01,1,0,0
2020-02-02,2,-0.09,0.18
2020-02-03,3,-0.17,0.34
2020-02-04,4,-0.32,-0.03
2020-02-05,5,-0.38,0.21
2020-02-06,6,-0.71,0.35
2020-02-07,7,-0.94,1.43
2020-02-08,8,-1.17,1.96
2020-02-09,9,-1.28,3.2
2020-02-10,10,-1.46,4.26
2020-02-11,11,-2.33,4.68
2020-02-12,12,-3.25,4.67
2020-02-13,13,-4.03,4.37
2020-02-14,14,-4.72,4.04
2020-02-15,15,-5.39,3.93
2020-02-16,16,-6.33,2.41
2020-02-17,17,-7.07,0.9
2020-02-18,18,-7.12,0.88
2020-02-19,19,-7.18,0.92
2020-02-20,20,-7.17,0.97
2020-02-21,21,-7.17,0.61
2020-02-22,22,-7.31,-0.08
2020-02-23,23,-7.16,0.16
2020-02-24,24,-6.8,0.78
2020-02-25,25,-6.51,0.61
2020-02-26,26,-6.25,0.6
2020-02-27,27,-6.06,0.71
2020-02-28,28,-5.93,0.66
2020-02-29,29,-5.65,1.06
2020-03-01,30,-5.54,0.98
2020-03-02,31,-5.82,0.56
2020-03-03,32,-5.96,0.26
2020-03-04,33,-6.03,-0.47
2020-03-05,34,-6.12,-1.48
2020-03-06,35,-6.32,-2.32
2020-03-07,36,-6.42,-2.84
2020-03-08,37,-6.56,-3.42
2020-03-09,38,-6.62,-4.09
2020-03-10,39,-6.57,-4.53
2020-03-11,40,-6.73,-5.1
2020-03-12,41,-6.94,-5.63
2020-03-13,42,-7.15,-6.22
2020-03-14,43,-7.51,-7.97
2020-03-15,44,-7.92,-9.77
2020-03-16,45,-8.45,-11.66
2020-03-17,46,-9.45,-15.21
2020-03-18,47,-10.51,-19.91
2020-03-19,48,-11.86,-25.02
2020-03-20,49,-13.62,-30.68
2020-03-21,50,-15.45,-35.71
2020-03-22,51,-17.24,-41.53
2020-03-23,52,-18.85,-46.04
2020-03-24,53,-20.55,-49.6
2020-03-25,54,-22.27,-51
2020-03-26,55,-23.68,-51.2
2020-03-27,56,-24.84,-50.79
2020-03-28,57,-26.02,-50.72
2020-03-29,58,-27.28,-49.79
2020-03-30,59,-28.56,-49.97
2020-03-31,60,-29.67,-49.91
2020-04-01,61,-30.89,-50.87
2020-04-02,62,-32.21,-53.14
2020-04-03,63,-33.35,-55.26
2020-04-04,64,-34.49,-56.74
2020-04-05,65,-35.46,-58.09
2020-04-06,66,-36.6,-59.33
2020-04-07,67,-37.68,-60.41
2020-04-08,68,-38.5,-61.22
2020-04-09,69,-39.37,-61.66
2020-04-10,70,-40.16,-61.6
2020-04-11,71,-40.88,-61.92
2020-04-12,72,-41.75,-62.44
2020-04-13,73,-42.53,-63.57
2020-04-14,74,-43.27,-64.94
2020-04-15,75,-43.95,-65.99
2020-04-16,76,-44.55,-66.91
2020-04-17,77,-45.21,-68.21
2020-04-18,78,-45.8,-68.56
2020-04-19,79,-46.37,-69.03
2020-04-20,80,-46.88,-68.68
2020-04-21,81,-47.39,-67.06
2020-04-22,82,-47.91,-65.77
2020-04-23,83,-48.38,-64.31
2020-04-24,84,-48.84,-63.29
2020-04-25,85,-49.25,-62.82
2020-04-26,86,-49.61,-62.31
2020-04-27,87,-49.96,-62.46
2020-04-28,88,-50.2,-63.29
2020-04-29,89,-50.4,-63.87
2020-04-30,90,-50.57,-64.33
2020-05-01,91,-50.73,-64.13
2020-05-02,92,-50.88,-64.02
2020-05-03,93,-51.05,-63.97
2020-05-04,94,-51.17,-63.39
2020-05-05,95,-51.48,-63.62
2020-05-06,96,-51.7,-64.07
2020-05-07,97,-52,-64.83
2020-05-08,98,-52.18,-65.29
2020-05-09,99,-52.34,-65.76
2020-05-10,100,-52.44,-66.16
2020-05-11,101,-52.6,-66.63
2020-05-12,102,-52.63,-65.98
2020-05-13,103,-52.84,-65.17
2020-05-14,104,-52.99,-64.15
2020-05-15,105,-53.26,-63.77
2020-05-16,106,-53.54,-63.35
2020-05-17,107,-53.95,-63.46
2020-05-18,108,-54.28,-63.24
2020-05-19,109,-54.55,-63.24
2020-05-20,110,-54.72,-63.74
2020-05-21,111,-54.63,-63.69
2020-05-22,112,-54.26,-63.73
2020-05-23,113,-53.97,-63.49
2020-05-24,114,-53.76,-62.68
2020-05-25,115,-53.74,-62.47
2020-05-26,116,-53.73,-62.78
2020-05-27,117,-53.63,-62.64
2020-05-28,118,-53.79,-62.91
2020-05-29,119,-54.33,-63.03
2020-05-30,120,-54.62,-64.14
2020-05-31,121,-54.68,-64.3
2020-06-01,122,-54.86,-64.35
2020-06-02,123,-54.95,-64.49
2020-06-03,124,-55.12,-64.7
2020-06-04,125,-55.25,-64.48
2020-06-05,126,-54.77,-64.18
2020-06-06,127,-54.39,-63.08
2020-06-07,128,-53.93,-62.28
2020-06-08,129,-53.29,-61.28
2020-06-09,130,-52.75,-59.18
2020-06-10,131,-52.25,-57.48
2020-06-11,132,-51.67,-56.1
2020-06-12,133,-51.48,-54.88
2020-06-13,134,-51.21,-53.76
2020-06-14,135,-51.08,-53.4
2020-06-15,136,-50.88,-53.27
2020-06-16,137,-50.5,-53.2
2020-06-17,138,-50.17,-52.79
2020-06-18,139,-49.86,-52.26
2020-06-19,140,-49.62,-51.84
2020-06-20,141,-49.3,-51.13
2020-06-21,142,-49.04,-50.41
2020-06-22,143,-48.82,-49.63
2020-06-23,144,-48.65,-49.21
2020-06-24,145,-48.45,-48.72
2020-06-25,146,-48.3,-48.94
2020-06-26,147,-48.18,-49.39
2020-06-27,148,-48.26,-50.11
2020-06-28,149,-48.2,-50.24
2020-06-29,150,-48.16,-50.41
2020-06-30,151,-48.25,-50.76
2020-07-01,152,-48.39,-51.29
2020-07-02,153,-48.49,-51
2020-07-03,154,-48.52,-50.01
2020-07-04,155,-48.42,-48.85
2020-07-05,156,-48.28,-48.37
2020-07-06,157,-48.16,-47.7
2020-07-07,158,-47.94,-47.08
2020-07-08,159,-47.66,-46.37
2020-07-09,160,-47.5,-46.11
2020-07-10,161,-47.44,-45.85
2020-07-11,162,-47.4,-46.51
2020-07-12,163,-47.31,-46.21
2020-07-13,164,-47.19,-45.95
2020-07-14,165,-47.05,-45.32
2020-07-15,166,-47.07,-44.54
2020-07-16,167,-46.86,-43.24
2020-07-17,168,-46.75,-43.13
2020-07-18,169,-46.44,-40.95
2020-07-19,170,-46.26,-39.47
2020-07-20,171,-46.09,-38
2020-07-21,172,-46.01,-36.98
2020-07-22,173,-45.79,-36.08
2020-07-23,174,-45.64,-36.17
2020-07-24,175,-45.32,-35.3
2020-07-25,176,-45.02,-35.21
2020-07-26,177,-44.81,-35.25
2020-07-27,178,-44.66,-35.46
2020-07-28,179,-44.35,-35.4
2020-07-29,180,-44.1,-35.72
2020-07-30,181,-43.89,-35.98
2020-07-31,182,-43.63,-35.74
2020-08-01,183,-43.59,-36.16
2020-08-02,184,-43.57,-36.58
2020-08-03,185,-43.57,-37.2
2020-08-04,186,-43.73,-38.76
2020-08-05,187,-43.98,-40.05
2020-08-06,188,-43.96,-40.37
2020-08-07,189,-43.94,-40.91
2020-08-08,190,-43.85,-40.97
2020-08-09,191,-43.69,-41.06
2020-08-10,192,-43.54,-40.54
2020-08-11,193,-43.16,-37.91
2020-08-12,194,-42.62,-35.06
2020-08-13,195,-42.32,-32.9
2020-08-14,196,-42.06,-31.24
2020-08-15,197,-41.97,-30.15
2020-08-16,198,-41.88,-29.48
2020-08-17,199,-41.77,-29.49
2020-08-18,200,-41.74,-30.72
2020-08-19,201,-41.78,-32.59
2020-08-20,202,-41.86,-34.32
2020-08-21,203,-42.1,-36.23
2020-08-22,204,-42.19,-38.02
2020-08-23,205,-42.18,-39.06
2020-08-24,206,-42.17,-39.66
2020-08-25,207,-42.12,-39.95
2020-08-26,208,-41.99,-39.72
2020-08-27,209,-41.81,-39.13
2020-08-28,210,-41.63,-38.1
2020-08-29,211,-41.27,-36.61
2020-08-30,212,-41,-35.34
2020-08-31,213,-40.74,-34.29
2020-09-01,214,-40.67,-33.84
2020-09-02,215,-40.63,-33.69
2020-09-03,216,-40.6,-33.82
2020-09-04,217,-40.34,-34.07
2020-09-05,218,-40.29,-34.6
2020-09-06,219,-40.21,-34.89
2020-09-07,220,-40.11,-35.07
2020-09-08,221,-39.92,-34.9
2020-09-09,222,-39.66,-34.49
2020-09-10,223,-39.34,-34.32
2020-09-11,224,-38.99,-33.71
2020-09-12,225,-38.71,-33.11
2020-09-13,226,-38.63,-32.91
2020-09-14,227,-38.47,-32.55
2020-09-15,228,-38.41,-32.1
2020-09-16,229,-38.25,-31.6
2020-09-17,230,-38.01,-30.5
2020-09-18,231,-38.04,-29.98
2020-09-19,232,-38.05,-29.46
2020-09-20,233,-37.97,-28.93
2020-09-21,234,-38.05,-28.55
2020-09-22,235,-37.88,-28.48
2020-09-23,236,-37.66,-28.32
2020-09-24,237,-37.61,-28.76
2020-09-25,238,-37.4,-28.92
2020-09-26,239,-37.16,-29.23
2020-09-27,240,-36.82,-29.38
2020-09-28,241,-36.34,-29.3
2020-09-29,242,-36.05,-29.36
2020-09-30,243,-35.88,-29.45
2020-10-01,244,-35.73,-28.85
2020-10-02,245,-35.58,-28.22
2020-10-03,246,-35.39,-27.7
2020-10-04,247,-35.29,-27.25
2020-10-05,248,-35.29,-27.15
2020-10-06,249,-35.33,-26.71
2020-10-07,250,-35.3,-26.43
2020-10-08,251,-35.16,-26.42
2020-10-09,252,-34.93,-26.83
2020-10-10,253,-34.74,-26.9
2020-10-11,254,-34.47,-26.82
2020-10-12,255,-34.17,-26.37
2020-10-13,256,-34.09,-26.43
2020-10-14,257,-34.1,-26.83
2020-10-15,258,-34.01,-26.88
2020-10-16,259,-34.17,-26.77
2020-10-17,260,-34.22,-26.77
2020-10-18,261,-34.4,-26.94
2020-10-19,262,-34.59,-27.62
2020-10-20,263,-34.6,-28.84
2020-10-21,264,-34.62,-29.64
2020-10-22,265,-34.84,-30.77
2020-10-23,266,-34.92,-31.61
2020-10-24,267,-35.15,-32.53
2020-10-25,268,-35.19,-33.05
2020-10-26,269,-35.26,-33.83
2020-10-27,270,-35.18,-34.13
2020-10-28,271,-35.22,-34.48
2020-10-29,272,-35.11,-34.7
2020-10-30,273,-35.05,-35.03
2020-10-31,274,-34.93,-35.93
2020-11-01,275,-35.03,-37.41
2020-11-02,276,-35,-37.72
2020-11-03,277,-34.93,-36.15
2020-11-04,278,-34.7,-34.33
2020-11-05,279,-34.63,-32.98
2020-11-06,280,-34.51,-31.51
2020-11-07,281,-34.28,-28.91
2020-11-08,282,-33.87,-26.15
2020-11-09,283,-33.63,-24.27
2020-11-10,284,-33.4,-23.33
2020-11-11,285,-33.26,-22.76
2020-11-12,286,-33.1,-21.67
2020-11-13,287,-32.88,-20.65
2020-11-14,288,-32.83,-20.45
2020-11-15,289,-32.71,-20.01
2020-11-16,290,-32.56,-19.5
2020-11-17,291,-32.32,-19.58
2020-11-18,292,-32.13,-19.72
2020-11-19,293,-31.98,-20.13
2020-11-20,294,-32.03,-21.32
2020-11-21,295,-31.84,-22.06
2020-11-22,296,-31.67,-22.44
2020-11-23,297,-31.37,-22.61
2020-11-24,298,-31.31,-22.82
2020-11-25,299,-30.98,-22.56
2020-11-26,300,-30.51,-22.32
2020-11-27,301,-29.82,-21.33
2020-11-28,302,-29.27,-20.48
2020-11-29,303,-28.84,-19.97
2020-11-30,304,-28.47,-19.3
2020-12-01,305,-28.03,-18.26
2020-12-02,306,-27.82,-17.48
2020-12-03,307,-27.53,-16.47
2020-12-04,308,-27.39,-16.17
2020-12-05,309,-27.22,-15.18
2020-12-06,310,-27.05,-14.33
2020-12-07,311,-26.89,-13.71
2020-12-08,312,-26.75,-13.39
2020-12-09,313,-26.46,-13.27
2020-12-10,314,-26.46,-14.32
2020-12-11,315,-26.31,-14.42
2020-12-12,316,-26.42,-15.56
2020-12-13,317,-26.41,-16.56
2020-12-14,318,-26.39,-17.17
2020-12-15,319,-26.37,-17.89
2020-12-16,320,-26.51,-18.41
2020-12-17,321,-26.62,-18.57
2020-12-18,322,-26.67,-18.78
2020-12-19,323,-26.62,-18.76
2020-12-20,324,-26.65,-18.98
2020-12-21,325,-26.73,-19.86
2020-12-22,326,-26.84,-20.76
2020-12-23,327,-26.88,-21.97
2020-12-24,328,-26.82,-22.65
2020-12-25,329,-26.97,-24.48
2020-12-26,330,-27.16,-27.13
2020-12-27,331,-27.56,-28.04
2020-12-28,332,-27.7,-26.88
2020-12-29,333,-27.85,-26.41
2020-12-30,334,-28.04,-27.08
2020-12-31,335,-28.36,-29.7
2021-01-01,336,-28.72,-30.75
2021-01-02,337,-29.18,-31.56
2021-01-03,338,-29.54,-34.64
2021-01-04,339,-30.09,-39.98
2021-01-05,340,-30.58,-43
2021-01-06,341,-30.83,-42.97
2021-01-07,342,-30.84,-40.53
2021-01-08,343,-30.7,-38.09
2021-01-09,344,-30.38,-33.64
2021-01-10,345,-30.02,-29.09
2021-01-11,346,-29.73,-24.36
2021-01-12,347,-29.5,-22.31
2021-01-13,348,-29.32,-21.52
2021-01-14,349,-29.12,-21.26
2021-01-15,350,-28.94,-21.38
2021-01-16,351,-28.73,-22.98
2021-01-17,352,-28.52,-23.79
2021-01-18,353,-28.25,-24.09
2021-01-19,354,-27.81,-22.95
2021-01-20,355,-27.61,-22.2
2021-01-21,356,-27.64,-21.57
2021-01-22,357,-27.48,-21.38
2021-01-23,358,-27.45,-21.32
2021-01-24,359,-27.23,-21.34
2021-01-25,360,-27.21,-21.68
2021-01-26,361,-27.18,-22.04
2021-01-27,362,-26.95,-22.59
2021-01-28,363,-26.52,-22.57
2021-01-29,364,-26.21,-22.12
2021-01-30,365,-25.8,-21.82
2021-01-31,366,-25.54,-21.42
2021-02-01,367,-25.19,-20.99
2021-02-02,368,-24.83,-20.66
2021-02-03,369,-24.6,-19.95
2021-02-04,370,-24.49,-19.57
2021-02-05,371,-24.44,-19.34
2021-02-06,372,-24.48,-18.47
2021-02-07,373,-24.49,-17.56
2021-02-08,374,-24.5,-16.51
2021-02-09,375,-24.41,-15.37
2021-02-10,376,-24.42,-15.07
2021-02-11,377,-24.21,-13.59
2021-02-12,378,-23.93,-12.21
2021-02-13,379,-23.56,-11.4
2021-02-14,380,-23.32,-10.99
2021-02-15,381,-23.04,-10.57
2021-02-16,382,-23.02,-10.99
2021-02-17,383,-22.79,-11
2021-02-18,384,-22.78,-12.21
2021-02-19,385,-22.84,-13.6
2021-02-20,386,-23.22,-14.94
2021-02-21,387,-23.37,-16.07
2021-02-22,388,-23.57,-17.17
2021-02-23,389,-23.76,-17.42
2021-02-24,390,-24.01,-17.12
2021-02-25,391,-24.37,-17.42
2021-02-26,392,-24.75,-17.68
2021-02-27,393,-24.94,-17.9
2021-02-28,394,-25.14,-17.96
2021-03-01,395,-25.29,-18.07
2021-03-02,396,-25.23,-18.66
2021-03-03,397,-25.14,-19.2
2021-03-04,398,-24.6,-18.22
2021-03-05,399,-23.9,-16.39
2021-03-06,400,-23.21,-14.25
2021-03-07,401,-22.58,-12.14
2021-03-08,402,-21.97,-10.26
2021-03-09,403,-21.35,-8.11
2021-03-10,404,-20.79,-6.48
2021-03-11,405,-20.3,-5.2
2021-03-12,406,-19.81,-4.25
2021-03-13,407,-19.18,-3.5
2021-03-14,408,-18.61,-2.89
2021-03-15,409,-18.13,-2.31
2021-03-16,410,-17.62,-1.53
2021-03-17,411,-17.08,-0.72
2021-03-18,412,-16.89,-2.53
2021-03-19,413,-16.7,-4.53
2021-03-20,414,-16.56,-6.75
2021-03-21,415,-16.55,-8.44
2021-03-22,416,-16.48,-10.04
2021-03-23,417,-16.63,-11.96
2021-03-24,418,-16.83,-13.65
2021-03-25,419,-16.71,-11.2
2021-03-26,420,-16.68,-9.31
2021-03-27,421,-16.54,-6.92
2021-03-28,422,-16.3,-5.37
2021-03-29,423,-16.08,-3.69
2021-03-30,424,-15.72,-1.82
2021-03-31,425,-15.44,-0.68
2021-04-01,426,-15.58,-1.85
2021-04-02,427,-15.57,-2
2021-04-03,428,-15.88,-4.19
2021-04-04,429,-15.84,-4.71
2021-04-05,430,-15.67,-5.4
2021-04-06,431,-15.78,-7.95
2021-04-07,432,-16,-10.07
2021-04-08,433,-15.93,-12.33
2021-04-09,434,-15.97,-15.72
2021-04-10,435,-15.86,-16.98
2021-04-11,436,-15.89,-18.85
2021-04-12,437,-15.87,-20.31
2021-04-13,438,-15.6,-17.78
2021-04-14,439,-15.21,-14.23
2021-04-15,440,-14.83,-9.87
2021-04-16,441,-14.4,-5.06
2021-04-17,442,-13.95,-0.62
2021-04-18,443,-13.58,3.61
2021-04-19,444,-13.28,7.53
2021-04-20,445,-13,9.97
2021-04-21,446,-12.64,11.62
2021-04-22,447,-12.33,13.21
2021-04-23,448,-12.06,15.47
2021-04-24,449,-11.69,16.87
2021-04-25,450,-11.3,18.12
2021-04-26,451,-10.93,19.38
2021-04-27,452,-10.49,19.64
2021-04-28,453,-10.08,19.74
2021-04-29,454,-9.53,19.38
2021-04-30,455,-9.01,18.51
2021-05-01,456,-8.39,18.95
2021-05-02,457,-7.87,18.98
2021-05-03,458,-7.33,18.64
2021-05-04,459,-6.98,17.09
2021-05-05,460,-6.47,16.09
2021-05-06,461,-5.95,16.07
2021-05-07,462,-5.36,16.05
2021-05-08,463,-4.85,15.29
2021-05-09,464,-4.27,14.57
2021-05-10,465,-3.61,15.03
2021-05-11,466,-2.85,19.38
2021-05-12,467,-2.31,22.86
2021-05-13,468,-2,24.51
2021-05-14,469,-1.65,25.75
2021-05-15,470,-1.39,26.53
2021-05-16,471,-1.27,26.73
2021-05-17,472,-1.29,25.75
2021-05-18,473,-1.38,22.25
2021-05-19,474,-1.47,18.78
2021-05-20,475,-1.27,16.34
2021-05-21,476,-1.14,14.39
2021-05-22,477,-1.22,13.1
2021-05-23,478,-1.02,12.5
2021-05-24,479,-0.84,12.48
2021-05-25,480,-0.67,12.31
2021-05-26,481,-0.33,12.7
2021-05-27,482,-0.24,13.43
2021-05-28,483,-0.14,13.88
2021-05-29,484,0.37,14.91
2021-05-30,485,0.79,15.91
2021-05-31,486,1.2,16.68
2021-06-01,487,1.72,18
2021-06-02,488,2.17,19.42
2021-06-03,489,2.73,20.65
2021-06-04,490,3.31,22.03
2021-06-05,491,3.55,22.41
2021-06-06,492,3.82,23.29
2021-06-07,493,4.12,24.36
2021-06-08,494,4.37,23.61
2021-06-09,495,4.58,22.28
2021-06-10,496,4.7,20.41
2021-06-11,497,4.86,18.65
2021-06-12,498,5.06,16.64
2021-06-13,499,5.29,14.25
2021-06-14,500,5.62,11.96
2021-06-15,501,6.15,13.66
2021-06-16,502,6.8,16.42
2021-06-17,503,7.4,19.51
2021-06-18,504,7.83,22.5
2021-06-19,505,8.37,25.45
2021-06-20,506,8.75,27.68
2021-06-21,507,9.1,30.61
2021-06-22,508,9.3,30.68
2021-06-23,509,9.44,29.42
2021-06-24,510,9.58,28.03
2021-06-25,511,9.71,26.57
2021-06-26,512,10.11,26.19
2021-06-27,513,10.42,26.14
2021-06-28,514,10.92,25.04
2021-06-29,515,11.42,24.36
2021-06-30,516,11.79,24.28
2021-07-01,517,12.17,24.19
2021-07-02,518,12.51,24.04
2021-07-03,519,12.67,23.56
2021-07-04,520,12.95,23.11
2021-07-05,521,13.08,22.4
2021-07-06,522,13.16,21.31
2021-07-07,523,13.53,21.39
2021-07-08,524,14.8,21.4
2021-07-09,525,16.33,21.35
2021-07-10,526,17.6,20.71
2021-07-11,527,18.92,20.51
2021-07-12,528,20.15,20.5
2021-07-13,529,20.44,21.08
2021-07-14,530,20.27,20.62
2021-07-15,531,19.47,20.7
2021-07-16,532,18.42,20.24
2021-07-17,533,17.77,21.37
2021-07-18,534,17.14,22.08
2021-07-19,535,16.56,22.99
2021-07-20,536,17.04,24.45
2021-07-21,537,17.75,25.98
2021-07-22,538,18.12,26.99
2021-07-23,539,18.5,27.42
2021-07-24,540,18.98,28.47
2021-07-25,541,19.4,29.64
2021-07-26,542,19.75,30.91
2021-07-27,543,20.12,31.55
2021-07-28,544,20.25,31.38
2021-07-29,545,20.74,31.59
2021-07-30,546,20.99,31.66
2021-07-31,547,21.14,31.13
2021-08-01,548,21.01,30.34
2021-08-02,549,20.87,29.37
2021-08-03,550,20.3,25.9
2021-08-04,551,19.89,22.61
2021-08-05,552,19.52,20.11
2021-08-06,553,19.61,18.81
2021-08-07,554,19.59,17.87
2021-08-08,555,19.91,17.59
2021-08-09,556,20.29,17.78
2021-08-10,557,20.96,23.32
2021-08-11,558,21.64,29.05
2021-08-12,559,22.24,33.67
2021-08-13,560,22.64,36.61
2021-08-14,561,23.16,38.81
2021-08-15,562,23.51,40.45
2021-08-16,563,23.88,41.47
2021-08-17,564,24.15,39.07
2021-08-18,565,24.59,36.73
2021-08-19,566,24.86,34.34
2021-08-20,567,25.28,33.98
2021-08-21,568,25.5,33.05
2021-08-22,569,25.88,32.33
2021-08-23,570,25.99,31.92
2021-08-24,571,26.27,32.03
2021-08-25,572,26.47,32.4
2021-08-26,573,26.86,33.73
2021-08-27,574,27.25,34.76
2021-08-28,575,27.94,37.04
2021-08-29,576,28.51,39.3
2021-08-30,577,29.33,41.7
2021-08-31,578,30.05,43.69
2021-09-01,579,30.73,45.73
2021-09-02,580,31.16,46.88
2021-09-03,581,31.26,46.63
2021-09-04,582,31.06,45.38
2021-09-05,583,31.28,45.13
2021-09-06,584,31.37,44.39
2021-09-07,585,31.75,44.65
2021-09-08,586,32.13,44.78
2021-09-09,587,32.58,44.54
2021-09-10,588,33.36,45.91
2021-09-11,589,34.03,45.76
2021-09-12,590,34.73,46.71
2021-09-13,591,35.39,48.12
2021-09-14,592,35.71,48.08
2021-09-15,593,35.88,48.13
2021-09-16,594,36.07,48.07
2021-09-17,595,36.19,48.02
2021-09-18,596,36.11,47.07
2021-09-19,597,35.81,44.46
2021-09-20,598,35.83,42.48
2021-09-21,599,35.74,41.08
2021-09-22,600,35.76,39.76
2021-09-23,601,35.98,39.43
2021-09-24,602,35.95,38.88
2021-09-25,603,36.17,39.32
2021-09-26,604,36.33,39.36
2021-09-27,605,36.42,39.51
2021-09-28,606,36.94,39.67
2021-09-29,607,37.45,39.63
2021-09-30,608,37.64,38.79
2021-10-01,609,37.88,38.17
2021-10-02,610,38.33,39.06
2021-10-03,611,38.43,38.8
2021-10-04,612,38.67,38.59
2021-10-05,613,38.67,38.89
2021-10-06,614,38.75,38.95
2021-10-07,615,39.03,39.5
2021-10-08,616,39.32,40.57
2021-10-09,617,39.46,40.82
2021-10-10,618,40.11,42.76
2021-10-11,619,40.3,43.47
2021-10-12,620,40.58,44.9
2021-10-13,621,40.98,47.29
2021-10-14,622,41.43,50.1
2021-10-15,623,41.9,51.82
2021-10-16,624,42.27,54.15
2021-10-17,625,42.41,56.27
2021-10-18,626,42.7,57.56
2021-10-19,627,43.14,58.66
2021-10-20,628,43.6,59
2021-10-21,629,44.09,58.61
2021-10-22,630,44.7,58.39
2021-10-23,631,45.2,56.7
2021-10-24,632,45.62,55.02
2021-10-25,633,46.02,52.99
2021-10-26,634,46.4,49.04
2021-10-27,635,46.55,44.96
2021-10-28,636,46.58,40.85
2021-10-29,637,46.74,38.26
2021-10-30,638,47.22,36.59
2021-10-31,639,47.47,34.99
2021-11-01,640,47.91,35.11
2021-11-02,641,48.04,38.46
2021-11-03,642,48.49,43.79
2021-11-04,643,49.18,49.87
2021-11-05,644,49.73,54.42
2021-11-06,645,50.23,59.85
2021-11-07,646,50.81,64.39
2021-11-08,647,51.14,68.61
2021-11-09,648,51.88,70.05
2021-11-10,649,52.26,69.57
2021-11-11,650,52.52,69.11
2021-11-12,651,52.73,68.42
2021-11-13,652,52.73,65.95
2021-11-14,653,52.86,64.1
2021-11-15,654,53.15,61.73
2021-11-16,655,53.19,59.04
2021-11-17,656,53.42,56.96
2021-11-18,657,53.45,54
2021-11-19,658,53.41,51.14
2021-11-20,659,53.4,49.55
2021-11-21,660,53.61,48.48
2021-11-22,661,53.81,48.3
2021-11-23,662,53.85,47.97
2021-11-24,663,53.77,46.35
2021-11-25,664,54.04,45.89
2021-11-26,665,54.33,45.13
2021-11-27,666,54.91,44.21
2021-11-28,667,55.09,42.81
2021-11-29,668,55.1,40.96
2021-11-30,669,55.15,40.81
2021-12-01,670,55,40.68
2021-12-02,671,54.43,39.08
2021-12-03,672,54.11,40.19
2021-12-04,673,53.58,41.47
2021-12-05,674,53.06,42.57
2021-12-06,675,52.66,43.83
2021-12-07,676,52.39,44.11
2021-12-08,677,52.14,44.29
2021-12-09,678,52.01,43.55
2021-12-10,679,51.77,41.13
2021-12-11,680,51.47,38.72
2021-12-12,681,51.5,36.91
2021-12-13,682,51.36,35.01
2021-12-14,683,51.11,33.62
2021-12-15,684,50.66,32.99
2021-12-16,685,50.07,32.88
2021-12-17,686,49.41,32.42
2021-12-18,687,48.81,32.61
2021-12-19,688,48.26,33.42
2021-12-20,689,47.9,33.9
2021-12-21,690,47.37,33.5
2021-12-22,691,47.03,33.4
2021-12-23,692,46.77,33.96
2021-12-24,693,46.49,33.48
2021-12-25,694,46.55,32.69
2021-12-26,695,46.28,33.36
2021-12-27,696,46.11,37.75
2021-12-28,697,45.96,42.51
2021-12-29,698,46.1,44.65
2021-12-30,699,46.02,43.24
2021-12-31,700,45.89,38.66
2022-01-01,701,45.57,35.18
2022-01-02,702,45.27,27.58
2022-01-03,703,44.77,15.37
2022-01-04,704,44.44,3.64
2022-01-05,705,43.86,-2.48
2022-01-06,706,43.84,-3.11
2022-01-07,707,44.25,1.17
2022-01-08,708,44.58,6.65
2022-01-09,709,45.03,13.31
2022-01-10,710,45.47,20.3
2022-01-11,711,45.83,29.08
2022-01-12,712,46.72,34.47
2022-01-13,713,47.21,37.82
2022-01-14,714,47.49,40.74
2022-01-15,715,48.04,41.24
2022-01-16,716,48.82,43.31
2022-01-17,717,49.78,46.7
2022-01-18,718,50.95,47.95
2022-01-19,719,51.74,49.73
2022-01-20,720,52.68,52.51
2022-01-21,721,53.58,55.18
2022-01-22,722,53.98,56.87
2022-01-23,723,54.32,57.19
2022-01-24,724,54.69,58.41
2022-01-25,725,55.08,60.17
2022-01-26,726,55.51,61.37
2022-01-27,727,55.91,62.19
2022-01-28,728,56.34,63.22
2022-01-29,729,57.16,65.5
2022-01-30,730,58.13,68.16
2022-01-31,731,58.82,68.97
2022-02-01,732,59.4,69.62
2022-02-02,733,60,69.95
2022-02-03,734,60.53,70.24
2022-02-04,735,60.94,69.86
2022-02-05,736,61.21,69.4
2022-02-06,737,61.38,69.28
2022-02-07,738,61.52,68.11
2022-02-08,739,62.05,69.09
2022-02-09,740,62.7,71.41
2022-02-10,741,63.33,73.36
2022-02-11,742,64.05,75.48
2022-02-12,743,64.49,76.82
2022-02-13,744,64.74,78
2022-02-14,745,65.03,79.36
2022-02-15,746,65.28,79.72
2022-02-16,747,65.38,79.49
2022-02-17,748,65.42,79.29
2022-02-18,749,65.23,79.19
2022-02-19,750,64.86,78.63
2022-02-20,751,64.65,78.27
2022-02-21,752,64.49,78.48
2022-02-22,753,64.04,76.73
2022-02-23,754,63.59,75.27
2022-02-24,755,63.29,73.57
2022-02-25,756,62.69,71.39
2022-02-26,757,62.52,69.35
2022-02-27,758,62.04,66.9
2022-02-28,759,61.75,65.03
2022-03-01,760,61.46,62.76
2022-03-02,761,61.28,61
2022-03-03,762,61.17,60.1
2022-03-04,763,61.02,60.61
2022-03-05,764,60.78,61.73
2022-03-06,765,60.82,63.43
2022-03-07,766,60.39,64.75
2022-03-08,767,59.94,65.9
2022-03-09,768,59.65,67.2
2022-03-10,769,59.27,68.4
2022-03-11,770,59.41,68.29
2022-03-12,771,59.31,67.94
2022-03-13,772,59.06,67.34
2022-03-14,773,59.01,67.22
2022-03-15,774,59.29,68.02
2022-03-16,775,59.23,67.93
2022-03-17,776,59.49,68.54
2022-03-18,777,59.68,68.04
2022-03-19,778,59.96,65.34
2022-03-20,779,60.22,62.69
2022-03-21,780,60.58,60.27
2022-03-22,781,60.52,55.14
2022-03-23,782,60.66,50.43
2022-03-24,783,60.64,44.15
2022-03-25,784,60.69,42.55
2022-03-26,785,60.8,46.05
2022-03-27,786,60.93,49.56
2022-03-28,787,61.1,52.72
2022-03-29,788,61.24,57.45
2022-03-30,789,60.95,62.61
2022-03-31,790,60.69,68.82
2022-04-01,791,60.35,72.32
2022-04-02,792,59.86,72.62
2022-04-03,793,59.43,73.43
2022-04-04,794,58.83,73.87
2022-04-05,795,58.6,75.84
2022-04-06,796,58.74,77.1
2022-04-07,797,58.47,77.44
2022-04-08,798,58.28,77.23
2022-04-09,799,58.14,76.47
2022-04-10,800,57.7,74.53
2022-04-11,801,57.31,72.21
2022-04-12,802,56.93,69.7
2022-04-13,803,56.66,66.98
2022-04-14,804,56.52,65.42
2022-04-15,805,56.26,64.3
2022-04-16,806,56.17,63.73
2022-04-17,807,56.07,63.7
2022-04-18,808,56.07,63.3
2022-04-19,809,55.66,60.09
2022-04-20,810,54.98,57.09
2022-04-21,811,54.23,52.97
2022-04-22,812,53.48,47.56
2022-04-23,813,52.79,44.06
2022-04-24,814,52.29,40.72
2022-04-25,815,51.85,37.38
2022-04-26,816,51.72,41.14
2022-04-27,817,51.27,44.16
2022-04-28,818,51.5,47.86
2022-04-29,819,51.7,51.99
2022-04-30,820,51.95,54.31
2022-05-01,821,52.32,56.23
2022-05-02,822,52.61,58.02
2022-05-03,823,52.76,53.95
2022-05-04,824,53.45,50.66
2022-05-05,825,53.66,48.16
2022-05-06,826,54.17,47.23
2022-05-07,827,54.48,46.87
2022-05-08,828,54.84,45.96
2022-05-09,829,55.29,46.57
2022-05-10,830,55.97,54.39
2022-05-11,831,56.38,61.45
2022-05-12,832,56.66,67.23
2022-05-13,833,56.61,71.27
2022-05-14,834,56.65,74.77
2022-05-15,835,56.61,77.47
2022-05-16,836,56.7,80.53
2022-05-17,837,56.58,77.18
2022-05-18,838,56.46,73.89
2022-05-19,839,56.22,70.4
2022-05-20,840,56.31,67.18
2022-05-21,841,56.07,63.43
2022-05-22,842,56.02,59.72
2022-05-23,843,56.12,57.06
2022-05-24,844,56.12,55.78
2022-05-25,845,56.14,54.35
2022-05-26,846,56.19,53.69
2022-05-27,847,56.16,54.03
2022-05-28,848,56.29,54.63
2022-05-29,849,56.38,55.69
2022-05-30,850,56.47,57.04
2022-05-31,851,56.77,57.47
2022-06-01,852,56.93,58.46
2022-06-02,853,57.18,58.88
2022-06-03,854,57.37,58.97
2022-06-04,855,57.57,58.91
2022-06-05,856,57.7,59.58
2022-06-06,857,57.77,60.04
2022-06-07,858,57.39,58.34
2022-06-08,859,57.12,56.24
2022-06-09,860,56.82,53.77
2022-06-10,861,56.45,49.87
2022-06-11,862,56.33,47.18
2022-06-12,863,55.99,44.18
2022-06-13,864,55.61,39.62
2022-06-14,865,55.49,40.18
2022-06-15,866,55.45,41.04
2022-06-16,867,55.49,42.86
2022-06-17,868,55.64,44.89
2022-06-18,869,55.77,46.84
2022-06-19,870,56.26,49.98
2022-06-20,871,56.46,53.15
2022-06-21,872,56.52,53.67
2022-06-22,873,56.71,54.41
2022-06-23,874,56.77,53.83
2022-06-24,875,56.62,52.97
2022-06-25,876,56.32,51.95
2022-06-26,877,55.82,50.67
2022-06-27,878,55.35,50.26
2022-06-28,879,55.54,53.27
2022-06-29,880,55.56,55.91
2022-06-30,881,55.53,57.27
2022-07-01,882,55.89,58.31
2022-07-02,883,56.35,58.97
2022-07-03,884,56.93,59.63
2022-07-04,885,57.65,59.8
2022-07-05,886,57.77,56.21
2022-07-06,887,57.97,51.44
2022-07-07,888,58.14,48.91
2022-07-08,889,58.33,48.76
2022-07-09,890,58.59,48.61
2022-07-10,891,58.59,48.25
2022-07-11,892,58.44,47.71
2022-07-12,893,58.34,46.85
2022-07-13,894,57.81,47.55
2022-07-14,895,57.74,49.5
2022-07-15,896,57.49,50.54
2022-07-16,897,56.92,51.37
2022-07-17,898,56.49,52.27
2022-07-18,899,56.13,52.86
2022-07-19,900,55.66,52.66
2022-07-20,901,55.85,53.34
2022-07-21,902,55.85,52.8
2022-07-22,903,55.87,52.15
2022-07-23,904,55.73,51.44
2022-07-24,905,55.49,50.18
2022-07-25,906,55.36,47.99
2022-07-26,907,55.5,48.2
2022-07-27,908,55.43,47.59
2022-07-28,909,55.22,47.04
2022-07-29,910,54.91,46.8
2022-07-30,911,54.78,46.94
2022-07-31,912,54.66,47.24
2022-08-01,913,54.25,46.34
2022-08-02,914,53.61,44.3
2022-08-03,915,52.78,41.3
2022-08-04,916,51.96,38.33
2022-08-05,917,51.42,36.9
2022-08-06,918,51.21,35.89
2022-08-07,919,51.11,35.65
2022-08-08,920,51.33,38.51
2022-08-09,921,51.46,44.17
2022-08-10,922,51.6,50.89
2022-08-11,923,51.82,56.59
2022-08-12,924,51.7,58.69
2022-08-13,925,51.67,60.59
2022-08-14,926,51.75,61.35
2022-08-15,927,51.57,60.91
2022-08-16,928,51.59,57.85
2022-08-17,929,51.64,54.29
2022-08-18,930,51.6,50.69
2022-08-19,931,51.68,49.97
2022-08-20,932,51.74,50.17
2022-08-21,933,51.62,50.73
2022-08-22,934,51.63,51.91
2022-08-23,935,51.47,52.49
2022-08-24,936,51.36,52.71
2022-08-25,937,51.53,53.75
2022-08-26,938,51.78,54.68
2022-08-27,939,51.95,54.96
2022-08-28,940,52.22,55.54
2022-08-29,941,52.37,56.12
2022-08-30,942,52.6,56.98
2022-08-31,943,53.04,57.39
2022-09-01,944,53.47,59.33
2022-09-02,945,53.62,60.07
2022-09-03,946,53.59,60.18
2022-09-04,947,53.32,60.02
2022-09-05,948,53.01,59.45
2022-09-06,949,52.72,57.54
2022-09-07,950,52.42,57.36
2022-09-08,951,52.01,56.08
2022-09-09,952,51.71,54.26
2022-09-10,953,51.37,52.47
2022-09-11,954,51.1,50.77
2022-09-12,955,51.03,48.73
2022-09-13,956,51.14,49.12
2022-09-14,957,51.12,49.39
2022-09-15,958,50.99,49.08
2022-09-16,959,50.66,49.54
2022-09-17,960,50.35,49.84
2022-09-18,961,50.1,49.73
2022-09-19,962,49.71,49.24
2022-09-20,963,49.17,48.28
2022-09-21,964,48.7,46.78
2022-09-22,965,48.33,46.18
2022-09-23,966,48.23,45.54
2022-09-24,967,48.28,45.16
2022-09-25,968,48.4,43.8
2022-09-26,969,48.91,44.53
2022-09-27,970,49.47,45.03
2022-09-28,971,49.68,45.09
2022-09-29,972,50.05,44.55
2022-09-30,973,50.2,44.18
2022-10-01,974,50,42.5
2022-10-02,975,49.97,43
2022-10-03,976,49.61,42.91
2022-10-04,977,49.22,43.18
2022-10-05,978,49,43.59
2022-10-06,979,48.54,44.13
2022-10-07,980,48.31,44.42
2022-10-08,981,48.35,45.65
2022-10-09,982,48.6,47.27
2022-10-10,983,48.98,48.82
2022-10-11,984,49.32,49.88
2022-10-12,985,49.78,51.63
2022-10-13,986,50.15,52.7
2022-10-14,987,50.41,53.02
2022-10-15,988,50.87,54.62
2022-10-16,989,51.15,55.49
2022-10-17,990,51.26,55.87
2022-10-18,991,51.26,56.1
2022-10-19,992,51.21,55.55
2022-10-20,993,51.17,54.26
2022-10-21,994,51.49,54.48
2022-10-22,995,51.42,54.24
2022-10-23,996,51.54,53.48
2022-10-24,997,51.66,52.88
2022-10-25,998,51.88,53.12
2022-10-26,999,52.05,53.18
2022-10-27,1000,52.47,54.43
2022-10-28,1001,52.87,56.92
2022-10-29,1002,53.5,58.77
2022-10-30,1003,53.75,61.18
2022-10-31,1004,54.13,63.83
2022-11-01,1005,54.24,62.79
2022-11-02,1006,54.61,61.97
2022-11-03,1007,54.96,61.44
2022-11-04,1008,55.1,59.19
2022-11-05,1009,55.19,56.83
2022-11-06,1010,55.24,53.05
2022-11-07,1011,55.26,49.03
2022-11-08,1012,55.61,51.11
2022-11-09,1013,55.89,53.92
2022-11-10,1014,56.08,56.95
2022-11-11,1015,56.32,60.37
2022-11-12,1016,56.78,64.1
2022-11-13,1017,56.9,68.05
2022-11-14,1018,57.07,71.46
2022-11-15,1019,57.46,71.34
2022-11-16,1020,57.75,70.28
2022-11-17,1021,58.07,68.18
2022-11-18,1022,58.18,64.76
2022-11-19,1023,58.11,61.04
2022-11-20,1024,58.28,57.35
2022-11-21,1025,58.48,54.5
2022-11-22,1026,58.6,52.86
2022-11-23,1027,58.75,51.24
2022-11-24,1028,58.93,50.29
2022-11-25,1029,59.26,50.37
2022-11-26,1030,59.45,50.27
2022-11-27,1031,59.69,50.82
2022-11-28,1032,59.93,51.22
2022-11-29,1033,59.68,50.27
2022-11-30,1034,59.57,49.31
2022-12-01,1035,59.09,47.97
2022-12-02,1036,58.39,46.53
2022-12-03,1037,57.87,45.58
2022-12-04,1038,57.35,44.02
2022-12-05,1039,56.78,42.22
2022-12-06,1040,56.62,41.53
2022-12-07,1041,56.19,41.17
2022-12-08,1042,55.95,40.89
2022-12-09,1043,56.08,40.59
2022-12-10,1044,56.13,40.34
2022-12-11,1045,56.18,40.5
2022-12-12,1046,56.16,40.85
2022-12-13,1047,56.43,43.57
2022-12-14,1048,56.6,47.42
2022-12-15,1049,56.33,49.08
2022-12-16,1050,55.59,49.82
2022-12-17,1051,54.76,50.57
2022-12-18,1052,53.8,50.8
2022-12-19,1053,53.12,50.69
2022-12-20,1054,51.86,47.29
2022-12-21,1055,50.5,40.88
2022-12-22,1056,49.65,37.76
2022-12-23,1057,49.19,37.11
2022-12-24,1058,48.86,36.19
2022-12-25,1059,48.73,37.31
2022-12-26,1060,48.41,41.96
2022-12-27,1061,48.3,47.85
2022-12-28,1062,48.29,54.47
2022-12-29,1063,48.32,58.78
2022-12-30,1064,48.41,59.02
2022-12-31,1065,48.56,57.31
2023-01-01,1066,48.4,53.24
2023-01-02,1067,48.19,43.91
2023-01-03,1068,47.94,34.84
2023-01-04,1069,47.71,31.46
2023-01-05,1070,47.81,32.06
2023-01-06,1071,48,35.65
2023-01-07,1072,48.3,42
2023-01-08,1073,48.71,47.02
2023-01-09,1074,49.08,53.29
2023-01-10,1075,49.63,60.96
2023-01-11,1076,50.41,63.82
2023-01-12,1077,50.88,62.98
2023-01-13,1078,51.11,60.92
2023-01-14,1079,51.21,59.43
2023-01-15,1080,51.46,60.2
2023-01-16,1081,51.75,61.52
2023-01-17,1082,52.27,61.36
2023-01-18,1083,52.86,61.64
2023-01-19,1084,53.24,63.2
2023-01-20,1085,53.51,65.87
2023-01-21,1086,53.64,66.63
2023-01-22,1087,53.68,67.06
2023-01-23,1088,53.45,67.36
2023-01-24,1089,53.31,66.86
2023-01-25,1090,52.88,65.75
2023-01-26,1091,52.62,64.29
2023-01-27,1092,52.41,62.42
2023-01-28,1093,52.39,61.57
2023-01-29,1094,52.22,60.69
2023-01-30,1095,52.32,60.42
2023-01-31,1096,51.94,60.35
2023-02-01,1097,51.52,60.7
2023-02-02,1098,51.08,61.39
2023-02-03,1099,50.67,62.35
2023-02-04,1100,50.33,63.04
2023-02-05,1101,50.13,63.56
2023-02-06,1102,49.93,63.6
2023-02-07,1103,49.71,61.11
2023-02-08,1104,49.67,60.69
2023-02-09,1105,49.47,58.32
2023-02-10,1106,49.25,55.85
2023-02-11,1107,49.02,53.6
2023-02-12,1108,48.74,51.58
2023-02-13,1109,48.46,50.08
2023-02-14,1110,48.31,53.61
2023-02-15,1111,48.88,55.9
2023-02-16,1112,49.54,59.73
2023-02-17,1113,50.14,63.17
2023-02-18,1114,50.31,66.09
2023-02-19,1115,50.81,68.92
2023-02-20,1116,51.19,71.39
2023-02-21,1117,51.5,70.87
2023-02-22,1118,50.47,69.46
2023-02-23,1119,49.54,68.47
2023-02-24,1120,48.04,66.42
2023-02-25,1121,46.86,64.94
2023-02-26,1122,45.38,63.58
2023-02-27,1123,44.06,62.22
2023-02-28,1124,42.61,60.4
2023-03-01,1125,41.45,58.87
2023-03-02,1126,40.5,57.7
2023-03-03,1127,40.29,58.1
2023-03-04,1128,40.15,57.81
2023-03-05,1129,40.23,57.14
2023-03-06,1130,40.23,56.68
2023-03-07,1131,40.65,58.82
2023-03-08,1132,41.36,60.7
2023-03-09,1133,41.87,61.57
2023-03-10,1134,43.06,63.65
2023-03-11,1135,44.26,66.17
2023-03-12,1136,45.15,69.06
2023-03-13,1137,45.78,71.53
2023-03-14,1138,46.37,71.96
2023-03-15,1139,46.98,71.26
2023-03-16,1140,47.48,71.04
2023-03-17,1141,47.27,69.76
2023-03-18,1142,46.78,66.14
2023-03-19,1143,46.52,62.85
2023-03-20,1144,46.51,60
2023-03-21,1145,46.32,57.61
2023-03-22,1146,46.14,56.97
2023-03-23,1147,45.97,56.27
2023-03-24,1148,45.72,54.55
2023-03-25,1149,45.63,58.5
2023-03-26,1150,45.51,61.41
2023-03-27,1151,45.33,63.79
2023-03-28,1152,45.17,65.39
2023-03-29,1153,44.82,66.43
2023-03-30,1154,44.43,67.45
2023-03-31,1155,43.69,68.22
2023-04-01,1156,43.08,65.91
2023-04-02,1157,42.48,65.03
2023-04-03,1158,41.92,64.83
2023-04-04,1159,41.41,65.76
2023-04-05,1160,41.1,66.86
2023-04-06,1161,40.82,68.17
2023-04-07,1162,40.94,69.69
2023-04-08,1163,40.9,69.35
2023-04-09,1164,40.94,68.22
2023-04-10,1165,41.09,65.75
2023-04-11,1166,40.71,59.23
2023-04-12,1167,40.17,52.39
2023-04-13,1168,39.55,45.7
2023-04-14,1169,39.13,40.35
2023-04-15,1170,38.47,37.81
2023-04-16,1171,37.95,35.4
2023-04-17,1172,37.2,34.36
2023-04-18,1173,36.8,40.55
2023-04-19,1174,36.45,47.16
2023-04-20,1175,36.11,53.31
2023-04-21,1176,35.47,58.77
2023-04-22,1177,35.31,63.44
2023-04-23,1178,34.9,68.32
2023-04-24,1179,34.68,72.61
2023-04-25,1180,34.69,73.28
2023-04-26,1181,34.86,73.43
2023-04-27,1182,35.12,73.02
2023-04-28,1183,35.53,71.47
2023-04-29,1184,35.8,70.19
2023-04-30,1185,36.06,68.52
2023-05-01,1186,36.4,66.87
2023-05-02,1187,36.27,61.75
2023-05-03,1188,36.13,56.98
2023-05-04,1189,35.86,53.82
2023-05-05,1190,35.81,51.98
2023-05-06,1191,35.93,50.35
2023-05-07,1192,36.11,49.03
2023-05-08,1193,36.1,48.08
2023-05-09,1194,36.49,54.28
2023-05-10,1195,36.92,61.57
2023-05-11,1196,37.58,67.37
2023-05-12,1197,37.92,72.03
2023-05-13,1198,38.08,75.13
2023-05-14,1199,38.17,77.41
2023-05-15,1200,38.21,78.91
2023-05-16,1201,37.88,75.94
2023-05-17,1202,37.4,70.92
2023-05-18,1203,36.6,65.39
2023-05-19,1204,35.91,60.82
2023-05-20,1205,35.24,56.73
2023-05-21,1206,34.5,53.13
2023-05-22,1207,33.86,49.97
2023-05-23,1208,33.48,47.35
2023-05-24,1209,33.29,46.15
2023-05-25,1210,33.27,45.86
2023-05-26,1211,33.19,45.4
2023-05-27,1212,33.12,45.34
2023-05-28,1213,33.12,45.84
2023-05-29,1214,33.17,45.58
2023-05-30,1215,33.41,45.65
2023-05-31,1216,33.53,45.3
2023-06-01,1217,33.59,44.88
2023-06-02,1218,33.45,44.44
2023-06-03,1219,33.3,43.55
2023-06-04,1220,33.22,41.87
2023-06-05,1221,33.3,40.84
2023-06-06,1222,33.17,38.37
2023-06-07,1223,32.84,36.01
2023-06-08,1224,32.6,34.95
2023-06-09,1225,32.47,33.41
2023-06-10,1226,32.35,31.88
2023-06-11,1227,32.23,29.57
2023-06-12,1228,32.15,28.64
2023-06-13,1229,32.13,31.16
2023-06-14,1230,32.31,33.06
2023-06-15,1231,32.31,33.5
2023-06-16,1232,32.41,34.33
2023-06-17,1233,32.4,33.96
2023-06-18,1234,32.77,36.89
2023-06-19,1235,32.91,38.51
2023-06-20,1236,32.84,37.59
2023-06-21,1237,32.63,37.69
2023-06-22,1238,32.46,38.04
2023-06-23,1239,32.16,37.14
2023-06-24,1240,32.18,39.15
2023-06-25,1241,31.87,39.5
2023-06-26,1242,31.46,39.88
2023-06-27,1243,31.06,40.12
2023-06-28,1244,30.8,39.42
2023-06-29,1245,30.41,37.86
2023-06-30,1246,30.34,38.22
2023-07-01,1247,30.11,37.44
2023-07-02,1248,29.73,36.14
2023-07-03,1249,29.51,35.16
2023-07-04,1250,29.51,34.03
2023-07-05,1251,29.52,32.32
2023-07-06,1252,29.73,31.06
2023-07-07,1253,29.93,30.21
2023-07-08,1254,30.14,29.24
2023-07-09,1255,30.45,28.58
2023-07-10,1256,30.55,27.84
2023-07-11,1257,30.54,27.46
2023-07-12,1258,30.51,27.17
2023-07-13,1259,30.76,29.03
2023-07-14,1260,30.96,30.54
2023-07-15,1261,30.93,31.63
2023-07-16,1262,30.82,32.82
2023-07-17,1263,30.95,33.94
2023-07-18,1264,30.9,33.78
2023-07-19,1265,31.14,35.68
2023-07-20,1266,31.08,35.45
2023-07-21,1267,30.8,34.78
2023-07-22,1268,30.31,33.92
2023-07-23,1269,30.15,33.23
2023-07-24,1270,30,31.54
2023-07-25,1271,30.15,31.89
2023-07-26,1272,29.94,30.48
2023-07-27,1273,29.84,30.16
2023-07-28,1274,29.69,30.02
2023-07-29,1275,29.81,30.21
2023-07-30,1276,29.49,28.69
2023-07-31,1277,29.33,28.92
2023-08-01,1278,28.9,28.91
2023-08-02,1279,28.4,29.5
2023-08-03,1280,27.75,29.33
2023-08-04,1281,27.18,29.3
2023-08-05,1282,26.87,29.51
2023-08-06,1283,26.83,31.52
2023-08-07,1284,26.66,32.47
2023-08-08,1285,26.48,31.41
2023-08-09,1286,26.5,30.92
2023-08-10,1287,26.71,31.91
2023-08-11,1288,26.54,32.42
2023-08-12,1289,26.31,31.57
2023-08-13,1290,26.21,30.76
2023-08-14,1291,25.88,29.99
2023-08-15,1292,25.65,33.03
2023-08-16,1293,25.53,35.11
2023-08-17,1294,25.09,34.52
2023-08-18,1295,25.15,32.98
2023-08-19,1296,25.35,34.06
2023-08-20,1297,25.07,34.35
2023-08-21,1298,25.02,35.2
2023-08-22,1299,25.27,34.05
2023-08-23,1300,25.26,32.91
2023-08-24,1301,25.52,33.06
2023-08-25,1302,25.65,34.25
2023-08-26,1303,25.65,35.26
2023-08-27,1304,25.97,36.87
2023-08-28,1305,26.18,38.12
2023-08-29,1306,26.1,38.38
2023-08-30,1307,26.22,39.82
2023-08-31,1308,26.33,40.5
2023-09-01,1309,26.54,42.42
2023-09-02,1310,26.63,43.31
2023-09-03,1311,26.47,43.14
2023-09-04,1312,26.27,42.96
2023-09-05,1313,26.3,44.03
2023-09-06,1314,26.44,44.36
2023-09-07,1315,26.59,45.4
2023-09-08,1316,26.83,45.14
2023-09-09,1317,27.03,43.95
2023-09-10,1318,27.45,43.53
2023-09-11,1319,28.01,43.43
2023-09-12,1320,28.34,41.82
2023-09-13,1321,28.64,41.1
2023-09-14,1322,29,40.79
2023-09-15,1323,29.02,40.31
2023-09-16,1324,29.06,40.92
2023-09-17,1325,29.01,41.53
2023-09-18,1326,28.73,41.28
2023-09-19,1327,28.65,42.6
2023-09-20,1328,28.36,42.48
2023-09-21,1329,27.95,41.61
2023-09-22,1330,27.59,41.22
2023-09-23,1331,27.43,39.82
2023-09-24,1332,26.9,37.29
2023-09-25,1333,26.89,35.76
2023-09-26,1334,26.76,34.26
2023-09-27,1335,26.74,32.71
2023-09-28,1336,26.73,31.56
2023-09-29,1337,26.87,30.3
2023-09-30,1338,26.61,29.85
2023-10-01,1339,26.81,30.49
2023-10-02,1340,26.57,30.81
2023-10-03,1341,26.54,30.69
2023-10-04,1342,26.44,31.51
2023-10-05,1343,26.23,32.25
2023-10-06,1344,26.11,33.18
2023-10-07,1345,26.13,32.42
2023-10-08,1346,26.24,32.69
2023-10-09,1347,26.49,32.86
2023-10-10,1348,26.63,32.87
2023-10-11,1349,26.77,32.35
2023-10-12,1350,26.92,32.81
2023-10-13,1351,27.18,33.53
2023-10-14,1352,27.4,35.28
2023-10-15,1353,27.51,36.67
2023-10-16,1354,27.5,38.26
2023-10-17,1355,27.32,39.98
2023-10-18,1356,27,42.15
2023-10-19,1357,26.74,42.93
2023-10-20,1358,26.12,41.88
2023-10-21,1359,25.78,41.88
2023-10-22,1360,25.42,41.03
2023-10-23,1361,25.1,39.74
2023-10-24,1362,24.89,38.06
2023-10-25,1363,24.93,36.4
2023-10-26,1364,25.09,35.43
2023-10-27,1365,25.51,36.47
2023-10-28,1366,25.8,37.04
2023-10-29,1367,26.16,38.35
2023-10-30,1368,26.58,40.01
2023-10-31,1369,26.74,39.65
2023-11-01,1370,26.61,38.54
2023-11-02,1371,26.48,37.35
2023-11-03,1372,26.31,35.24
2023-11-04,1373,26.18,33.45
2023-11-05,1374,25.94,30.64
2023-11-06,1375,25.62,27.55
2023-11-07,1376,25.6,29.5
2023-11-08,1377,25.66,31.99
2023-11-09,1378,25.9,34.84
2023-11-10,1379,26.03,38.08
