Obs,Date,US,UK,Ireland,Germany
1,2020-02-01,100,100,100,100
2,2020-02-02,100,100,99.9,100
3,2020-02-03,100,100,99.8,100.1
4,2020-02-04,100,100,99.7,99.7
5,2020-02-05,100.1,100,99.6,99.9
6,2020-02-06,100.2,99.9,99.3,100
7,2020-02-07,100.2,100,99.1,100
8,2020-02-08,100.2,100.1,98.8,100.1
9,2020-02-09,100.2,100.2,98.7,100.2
10,2020-02-10,100.3,100.2,98.5,100.1
11,2020-02-11,100.2,100.1,97.7,100.4
12,2020-02-12,100.2,100.1,96.8,100.2
13,2020-02-13,100.1,100.1,96,99.9
14,2020-02-14,100.1,100.1,95.3,99.8
15,2020-02-15,99.8,99.8,94.6,99.4
16,2020-02-16,99.6,99.4,93.7,98.7
17,2020-02-17,99.4,99.3,92.9,98.4
18,2020-02-18,99.2,99.4,92.9,98.3
19,2020-02-19,99,99.3,92.8,98.3
20,2020-02-20,98.8,99.3,92.8,98.4
21,2020-02-21,98.5,99.2,92.8,98.6
22,2020-02-22,98.5,99.4,92.7,99
23,2020-02-23,98.4,99.6,92.8,99.7
24,2020-02-24,98.4,99.6,93.2,100
25,2020-02-25,98.3,99.3,93.5,100.2
26,2020-02-26,98.3,99.1,93.8,100.4
27,2020-02-27,98.4,99,93.9,100.7
28,2020-02-28,98.4,98.9,94.1,100.9
29,2020-02-29,98.5,98.8,94.4,101.3
30,2020-03-01,98.6,98.6,94.5,101.3
31,2020-03-02,98.6,98.4,94.2,101.6
32,2020-03-03,98.6,98.4,94,101.9
33,2020-03-04,98.4,98.4,94,102
34,2020-03-05,98.3,98.3,93.9,102
35,2020-03-06,98.2,98.2,93.7,101.8
36,2020-03-07,98.1,98.2,93.6,101.7
37,2020-03-08,97.9,98.3,93.4,101.6
38,2020-03-09,97.8,98.3,93.4,101.6
39,2020-03-10,97.7,98.3,93.4,101.5
40,2020-03-11,97.6,98.3,93.3,101.4
41,2020-03-12,97.5,98.2,93.1,101.4
42,2020-03-13,97.3,98.1,92.9,101.3
43,2020-03-14,97.1,97.8,92.5,101.2
44,2020-03-15,96.8,97.4,92.1,101
45,2020-03-16,96.6,97,91.6,100.7
46,2020-03-17,96,96.1,90.6,100.2
47,2020-03-18,95.3,95,89.5,99.6
48,2020-03-19,94.5,93.5,88.1,98.9
49,2020-03-20,93.5,91.6,86.4,98.1
50,2020-03-21,92.1,89.4,84.6,97.1
51,2020-03-22,90.8,87.2,82.8,96.2
52,2020-03-23,89.5,85.1,81.2,95.5
53,2020-03-24,88.2,82.9,79.5,95
54,2020-03-25,86.8,80.8,77.7,94.4
55,2020-03-26,85.5,78.6,76.3,93.8
56,2020-03-27,84,76.5,75.2,93.5
57,2020-03-28,82.8,74.6,74,93.1
58,2020-03-29,81.5,72.8,72.7,92.8
59,2020-03-30,80.3,71,71.4,92.6
60,2020-03-31,79,69.4,70.3,92
61,2020-04-01,77.8,67.6,69.1,91.3
62,2020-04-02,76.6,66.1,67.8,90.4
63,2020-04-03,75.7,64.8,66.7,89.7
64,2020-04-04,74.6,63.8,65.5,89.4
65,2020-04-05,73.3,62.6,64.5,88.9
66,2020-04-06,72.2,61.5,63.4,88.2
67,2020-04-07,71.1,60.3,62.3,87.8
68,2020-04-08,70.3,59.5,61.5,87.6
69,2020-04-09,69.4,58.6,60.6,87.6
70,2020-04-10,68.5,57.7,59.8,87.4
71,2020-04-11,68,56.8,59.1,87
72,2020-04-12,67.4,56,58.3,86.5
73,2020-04-13,66.8,55.2,57.5,86.2
74,2020-04-14,66.3,54.4,56.7,86
75,2020-04-15,65.7,53.7,56.1,85.7
76,2020-04-16,65.2,53,55.5,85.6
77,2020-04-17,64.8,52.4,54.8,85.2
78,2020-04-18,64.4,51.8,54.2,85.2
79,2020-04-19,64.1,51.3,53.6,85.1
80,2020-04-20,63.8,50.6,53.1,84.6
81,2020-04-21,63.5,50,52.6,84.4
82,2020-04-22,63.3,49.4,52.1,84.1
83,2020-04-23,63,48.9,51.6,83.9
84,2020-04-24,62.8,48.5,51.2,83.8
85,2020-04-25,62.6,48.1,50.8,83.6
86,2020-04-26,62.5,47.7,50.4,83.5
87,2020-04-27,62.2,47.5,50,83.5
88,2020-04-28,62,47.4,49.8,83.5
89,2020-04-29,61.8,47.3,49.6,83.5
90,2020-04-30,61.7,47.1,49.4,83.4
91,2020-05-01,61.6,46.8,49.3,83.2
92,2020-05-02,61.4,46.5,49.1,83
93,2020-05-03,61.3,46.2,49,82.9
94,2020-05-04,61.1,46,48.8,82.7
95,2020-05-05,61,45.6,48.5,82.4
96,2020-05-06,61,45.2,48.3,82.1
97,2020-05-07,61,45,48,81.7
98,2020-05-08,61.1,44.8,47.8,81.6
99,2020-05-09,61.3,44.7,47.7,81.4
100,2020-05-10,61.5,44.5,47.6,81.2
101,2020-05-11,61.6,44.3,47.4,81
102,2020-05-12,61.8,44.3,47.4,80.9
103,2020-05-13,61.5,44.1,47.2,80.8
104,2020-05-14,61.6,43.9,47,80.7
105,2020-05-15,61.8,43.4,46.7,80.3
106,2020-05-16,61.8,43,46.5,80.1
107,2020-05-17,61.8,42.7,46.1,79.7
108,2020-05-18,61.9,42.3,45.7,79.4
109,2020-05-19,62,41.9,45.5,79.1
110,2020-05-20,62.4,41.7,45.3,78.7
111,2020-05-21,62.7,41.7,45.4,78.6
112,2020-05-22,62.8,41.7,45.7,78.5
113,2020-05-23,63.1,41.7,46,78.3
114,2020-05-24,63.2,41.6,46.2,78.2
115,2020-05-25,63.4,41.5,46.3,77.8
116,2020-05-26,63.5,41.3,46.3,77.6
117,2020-05-27,63.6,41,46.4,77.8
118,2020-05-28,63.6,40.5,46.2,77.9
119,2020-05-29,63.8,40.3,45.7,78.1
120,2020-05-30,64.1,40.1,45.4,78.5
121,2020-05-31,64.4,40,45.3,78.9
122,2020-06-01,64.6,39.9,45.1,79.2
123,2020-06-02,64.9,39.9,45.1,79.5
124,2020-06-03,65.2,39.8,44.9,79.5
125,2020-06-04,65.6,39.8,44.8,79.5
126,2020-06-05,65.9,39.9,45.2,79.5
127,2020-06-06,66.1,40,45.6,79.5
128,2020-06-07,66.3,40.2,46.1,79.6
129,2020-06-08,66.6,40.3,46.7,79.8
130,2020-06-09,66.8,40.5,47.3,80.1
131,2020-06-10,67.1,40.6,47.8,80.3
132,2020-06-11,67.3,40.8,48.3,80.6
133,2020-06-12,67.5,40.8,48.5,80.8
134,2020-06-13,67.8,40.9,48.8,80.9
135,2020-06-14,68.1,40.9,48.9,80.8
136,2020-06-15,68.5,40.9,49.1,80.7
137,2020-06-16,68.9,40.9,49.5,80.6
138,2020-06-17,69.2,41,49.8,80.6
139,2020-06-18,69.6,41.2,50.1,80.5
140,2020-06-19,70,41.3,50.4,80.4
141,2020-06-20,70.5,41.4,50.7,80.3
142,2020-06-21,71,41.5,51,80.4
143,2020-06-22,71.5,41.6,51.2,80.3
144,2020-06-23,71.7,41.7,51.4,80.4
145,2020-06-24,71.9,41.8,51.6,80.3
146,2020-06-25,72.2,41.8,51.7,80.1
147,2020-06-26,72.3,41.8,51.8,80
148,2020-06-27,72.4,41.7,51.7,79.8
149,2020-06-28,72.4,41.7,51.8,79.9
150,2020-06-29,72.5,41.7,51.8,80
151,2020-06-30,72.8,41.6,51.8,80
152,2020-07-01,73.1,41.4,51.6,80
153,2020-07-02,73.3,41.3,51.5,80.2
154,2020-07-03,73.6,41.3,51.5,80.2
155,2020-07-04,73.9,41.3,51.6,80.3
156,2020-07-05,74.1,41.3,51.7,80.3
157,2020-07-06,74.4,41.2,51.8,80.2
158,2020-07-07,74.6,41.3,52.1,80.1
159,2020-07-08,74.9,41.5,52.3,80.3
160,2020-07-09,75.3,41.6,52.5,80.4
161,2020-07-10,75.6,41.8,52.6,80.2
162,2020-07-11,76,41.8,52.6,79.6
163,2020-07-12,76.4,42,52.7,79.3
164,2020-07-13,76.8,42.1,52.8,79.1
165,2020-07-14,77.2,42.3,53,79
166,2020-07-15,77.5,42.4,52.9,78.5
167,2020-07-16,77.7,42.5,53.1,78.4
168,2020-07-17,77.9,42.6,53.3,78.5
169,2020-07-18,77.9,42.8,53.6,79.2
170,2020-07-19,78.1,42.9,53.7,79.5
171,2020-07-20,78.2,43.1,53.9,79.7
172,2020-07-21,78.4,43.2,54,79.9
173,2020-07-22,78.6,43.3,54.2,80
174,2020-07-23,78.9,43.5,54.4,79.8
175,2020-07-24,79.3,43.7,54.7,80.1
176,2020-07-25,79.8,44,55,80.2
177,2020-07-26,80.1,44.2,55.2,80.5
178,2020-07-27,80.5,44.4,55.3,80.7
179,2020-07-28,80.9,44.6,55.7,81.2
180,2020-07-29,81.2,44.8,55.9,81.5
181,2020-07-30,81.5,45,56.1,81.8
182,2020-07-31,81.6,45.1,56.4,82.1
183,2020-08-01,81.7,45.1,56.4,82.1
184,2020-08-02,81.8,45.1,56.4,82.1
185,2020-08-03,82,45,56.4,81.9
186,2020-08-04,82,45,56.3,81.6
187,2020-08-05,82.1,45.1,56,81.5
188,2020-08-06,82.1,45.3,56,81.7
189,2020-08-07,82.1,45.5,56.1,81.6
190,2020-08-08,82.1,45.8,56.2,81.7
191,2020-08-09,82.1,46.1,56.3,81.7
192,2020-08-10,82,46.4,56.5,81.9
193,2020-08-11,82.1,46.7,56.8,82.4
194,2020-08-12,82,46.9,57.4,82.7
195,2020-08-13,81.9,47.1,57.7,83.1
196,2020-08-14,81.9,47.2,57.9,83.4
197,2020-08-15,81.8,47.4,58,83.8
198,2020-08-16,81.9,47.6,58.1,84.1
199,2020-08-17,81.9,47.8,58.2,84.3
200,2020-08-18,81.9,48,58.3,84.7
201,2020-08-19,82,48.2,58.2,84.9
202,2020-08-20,82.2,48.4,58.1,85
203,2020-08-21,82.3,48.5,57.9,84.8
204,2020-08-22,82.6,48.7,57.8,84.5
205,2020-08-23,82.6,48.8,57.8,84.4
206,2020-08-24,82.8,49,57.8,84.4
207,2020-08-25,83,49.2,57.9,84.3
208,2020-08-26,83.1,49.4,58,84
209,2020-08-27,83.2,49.5,58.2,83.5
210,2020-08-28,83.4,49.6,58.4,83.2
211,2020-08-29,83.6,49.8,58.7,83.3
212,2020-08-30,83.8,50,59,83.3
213,2020-08-31,84,50.2,59.3,83.2
214,2020-09-01,84.1,50.2,59.3,82.9
215,2020-09-02,84.2,50.2,59.4,82.8
216,2020-09-03,84.3,50.2,59.4,82.9
217,2020-09-04,84.5,50.4,59.7,83.2
218,2020-09-05,84.5,50.4,59.7,83.1
219,2020-09-06,84.6,50.4,59.8,83.2
220,2020-09-07,84.7,50.3,59.9,83.3
221,2020-09-08,84.8,50.5,60.1,83.4
222,2020-09-09,84.9,50.7,60.3,83.5
223,2020-09-10,85.1,50.9,60.7,83.5
224,2020-09-11,85.3,51.2,61,83.6
225,2020-09-12,85.5,51.4,61.3,83.6
226,2020-09-13,85.6,51.7,61.4,83.6
227,2020-09-14,85.7,51.9,61.5,83.5
228,2020-09-15,86,52,61.6,83.4
229,2020-09-16,86.2,52.2,61.8,83.3
230,2020-09-17,86.4,52.5,62,83.6
231,2020-09-18,86.6,52.6,62,83.6
232,2020-09-19,86.7,52.9,62,83.6
233,2020-09-20,87,53.1,62,83.6
234,2020-09-21,87.1,53.2,62,83.4
235,2020-09-22,87.3,53.4,62.1,83.5
236,2020-09-23,87.5,53.6,62.3,83.6
237,2020-09-24,87.7,53.7,62.4,83.5
238,2020-09-25,87.8,53.7,62.6,83.5
239,2020-09-26,88,53.8,62.8,83.5
240,2020-09-27,88.1,53.9,63.2,83.6
241,2020-09-28,88.4,54.1,63.7,84
242,2020-09-29,88.7,54.3,64,84.3
243,2020-09-30,88.9,54.4,64.1,84.5
244,2020-10-01,89.1,54.5,64.3,84.8
245,2020-10-02,89.3,54.6,64.4,85.1
246,2020-10-03,89.5,54.8,64.6,85.5
247,2020-10-04,89.7,54.9,64.7,86
248,2020-10-05,89.8,55,64.7,86.3
249,2020-10-06,89.9,55.1,64.7,86.6
250,2020-10-07,89.9,55.2,64.7,87
251,2020-10-08,90.2,55.5,64.8,87.6
252,2020-10-09,90.4,55.7,65.1,88
253,2020-10-10,90.7,55.8,65.3,88.3
254,2020-10-11,90.9,55.9,65.5,88.5
255,2020-10-12,91.2,55.9,65.8,88.9
256,2020-10-13,91.4,55.8,65.9,88.7
257,2020-10-14,91.5,55.8,65.9,88.7
258,2020-10-15,91.6,55.9,66,88.7
259,2020-10-16,91.6,55.7,65.8,88.7
260,2020-10-17,91.6,55.8,65.8,88.7
261,2020-10-18,91.6,55.8,65.6,88.7
262,2020-10-19,91.5,55.8,65.4,88.5
263,2020-10-20,91.6,55.9,65.4,88.6
264,2020-10-21,91.7,56.1,65.4,88.9
265,2020-10-22,91.9,56.2,65.2,88.9
266,2020-10-23,92,56.3,65.1,89
267,2020-10-24,92.3,56.4,64.9,89.1
268,2020-10-25,92.4,56.7,64.8,89.3
269,2020-10-26,92.6,56.9,64.7,89.4
270,2020-10-27,92.7,57.2,64.8,89.9
271,2020-10-28,92.9,57.4,64.8,90
272,2020-10-29,93,57.6,64.9,90.2
273,2020-10-30,93.1,57.8,65,90.4
274,2020-10-31,93.2,58,65.1,90.6
275,2020-11-01,93.3,58,65,90.6
276,2020-11-02,93.4,58,65,91
277,2020-11-03,93.5,57.8,65.1,91.1
278,2020-11-04,93.6,57.7,65.3,91.2
279,2020-11-05,93.6,57.5,65.4,91.1
280,2020-11-06,93.7,57.3,65.5,90.9
281,2020-11-07,93.8,57.1,65.7,90.6
282,2020-11-08,93.9,57.2,66.1,90.6
283,2020-11-09,94,57.1,66.4,90.4
284,2020-11-10,94,57.2,66.6,90.2
285,2020-11-11,94.1,57.2,66.7,90
286,2020-11-12,94.1,57.3,66.9,89.9
287,2020-11-13,94.2,57.3,67.1,89.8
288,2020-11-14,94,57.4,67.2,89.8
289,2020-11-15,93.9,57.5,67.3,89.9
290,2020-11-16,93.9,57.7,67.4,90
291,2020-11-17,93.9,57.9,67.7,90.1
292,2020-11-18,94,58.1,67.9,90.3
293,2020-11-19,94,58.3,68,90.4
294,2020-11-20,94.1,58.3,68,90.4
295,2020-11-21,94.5,58.5,68.2,90.6
296,2020-11-22,94.7,58.6,68.3,90.9
297,2020-11-23,94.9,58.7,68.6,91.1
298,2020-11-24,95.2,58.7,68.7,91
299,2020-11-25,95.3,58.9,69,91.1
300,2020-11-26,95.5,59.2,69.5,91.3
301,2020-11-27,95.6,59.7,70.2,91.7
302,2020-11-28,95.7,60.2,70.7,91.8
303,2020-11-29,95.7,60.6,71.2,91.9
304,2020-11-30,95.7,61,71.5,91.9
305,2020-12-01,95.6,61.3,72,92.3
306,2020-12-02,95.5,61.5,72.2,92.2
307,2020-12-03,95.5,61.8,72.5,92.3
308,2020-12-04,95.5,62,72.6,92.3
309,2020-12-05,95.6,62.2,72.8,92.4
310,2020-12-06,95.6,62.4,73,92.4
311,2020-12-07,95.6,62.6,73.1,92.4
312,2020-12-08,95.7,62.8,73.3,92.3
313,2020-12-09,95.8,63.1,73.5,92.5
314,2020-12-10,95.7,63.3,73.5,92.3
315,2020-12-11,95.8,63.5,73.7,92.4
316,2020-12-12,95.8,63.6,73.6,92.4
317,2020-12-13,95.9,63.8,73.6,92.5
318,2020-12-14,96,64,73.6,92.6
319,2020-12-15,96.2,64.3,73.6,92.9
320,2020-12-16,96.3,64.4,73.5,92.8
321,2020-12-17,96.3,64.6,73.4,92.8
322,2020-12-18,96.4,64.6,73.3,92.8
323,2020-12-19,96.4,64.7,73.4,92.6
324,2020-12-20,96.4,64.8,73.4,92.4
325,2020-12-21,96.4,64.8,73.3,92.2
326,2020-12-22,96.4,64.8,73.2,91.8
327,2020-12-23,96.5,64.8,73.1,91.7
328,2020-12-24,96.6,64.8,73.2,91.8
329,2020-12-25,96.6,64.9,73,91.8
330,2020-12-26,96.7,64.8,72.8,91.8
331,2020-12-27,96.8,64.8,72.4,91.9
332,2020-12-28,96.9,64.8,72.3,92
333,2020-12-29,96.9,64.8,72.2,92.1
334,2020-12-30,97.1,64.6,72,92.4
335,2020-12-31,97.1,64.3,71.6,92.5
336,2021-01-01,97,63.7,71.3,92.4
337,2021-01-02,96.7,62.8,70.8,92.1
338,2021-01-03,96.5,61.8,70.5,91.8
339,2021-01-04,96.3,60.4,69.9,91.5
340,2021-01-05,96.1,59.3,69.4,91
341,2021-01-06,96.1,58.3,69.2,90.8
342,2021-01-07,96.1,57.6,69.2,90.6
343,2021-01-08,96.5,57.2,69.3,90.7
344,2021-01-09,97,57.1,69.6,91
345,2021-01-10,97.5,57.1,70,91.2
346,2021-01-11,98,57.3,70.3,91.4
347,2021-01-12,98.3,57.3,70.5,91.6
348,2021-01-13,98.5,57.4,70.7,91.8
349,2021-01-14,98.7,57.6,70.9,91.9
350,2021-01-15,98.8,57.7,71.1,92.1
351,2021-01-16,99,57.9,71.3,92.2
352,2021-01-17,99.1,58.2,71.5,92.3
353,2021-01-18,99.2,58.4,71.8,92.4
354,2021-01-19,99.4,58.9,72.2,92.7
355,2021-01-20,99.6,59,72.4,92.7
356,2021-01-21,99.7,59.2,72.4,92.6
357,2021-01-22,99.7,59.5,72.5,92.5
358,2021-01-23,99.5,59.6,72.6,92.4
359,2021-01-24,99.6,59.8,72.8,92.3
360,2021-01-25,99.6,60,72.8,92.2
361,2021-01-26,99.7,60,72.8,91.8
362,2021-01-27,99.7,60.2,73.1,91.6
363,2021-01-28,99.8,60.4,73.5,91.5
364,2021-01-29,99.9,60.6,73.8,91.4
365,2021-01-30,100.3,60.8,74.2,91.4
366,2021-01-31,100.5,61,74.5,91.4
367,2021-02-01,100.7,61.2,74.8,91.3
368,2021-02-02,101,61.5,75.2,91.5
369,2021-02-03,101.2,61.6,75.4,91.6
370,2021-02-04,101.2,61.8,75.5,91.8
371,2021-02-05,101.5,61.9,75.6,92
372,2021-02-06,101.6,62,75.5,92.1
373,2021-02-07,101.8,62.1,75.5,92.2
374,2021-02-08,101.9,62.2,75.5,92.4
375,2021-02-09,102.1,62.4,75.6,93
376,2021-02-10,102.3,62.5,75.6,93.3
377,2021-02-11,102.7,62.6,75.8,93.6
378,2021-02-12,102.9,62.6,76.1,93.8
379,2021-02-13,103.1,62.7,76.4,94.1
380,2021-02-14,103.3,62.8,76.7,94.3
381,2021-02-15,103.6,62.9,77,94.4
382,2021-02-16,103.7,62.9,77,94.1
383,2021-02-17,103.8,62.9,77.2,93.9
384,2021-02-18,103.9,63,77.2,93.9
385,2021-02-19,103.9,63.2,77.2,94
386,2021-02-20,103.8,63.1,76.8,94
387,2021-02-21,103.8,63.1,76.6,94.2
388,2021-02-22,103.9,63.1,76.4,94.3
389,2021-02-23,103.9,63.2,76.2,94.6
390,2021-02-24,104.1,63.4,76,95
391,2021-02-25,104.2,63.6,75.6,95.1
392,2021-02-26,104.3,63.7,75.3,95.2
393,2021-02-27,104.6,64,75.1,95.4
394,2021-02-28,104.8,64.2,74.9,95.6
395,2021-03-01,104.9,64.4,74.7,95.7
396,2021-03-02,104.9,64.4,74.8,95.7
397,2021-03-03,105,64.6,74.9,95.7
398,2021-03-04,105.2,64.9,75.4,95.9
399,2021-03-05,105.4,65.3,76.1,96.1
400,2021-03-06,105.6,65.8,76.8,96.1
401,2021-03-07,105.8,66.2,77.4,96.1
402,2021-03-08,106.2,66.7,78,96
403,2021-03-09,106.6,67.3,78.7,96.3
404,2021-03-10,106.9,67.9,79.2,96.5
405,2021-03-11,107.2,68.3,79.7,96.6
406,2021-03-12,107.5,68.7,80.2,96.8
407,2021-03-13,108,69.2,80.8,97.1
408,2021-03-14,108.3,69.6,81.4,97.3
409,2021-03-15,108.6,69.9,81.9,97.7
410,2021-03-16,108.9,70.1,82.4,97.9
411,2021-03-17,109.1,70.3,82.9,97.9
412,2021-03-18,109.4,70.4,83.1,97.9
413,2021-03-19,109.8,70.6,83.3,97.9
414,2021-03-20,110,71,83.4,98
415,2021-03-21,110.4,71.4,83.5,98.4
416,2021-03-22,110.7,72,83.5,98.8
417,2021-03-23,111.3,72.4,83.4,99.1
418,2021-03-24,111.7,72.9,83.2,99.5
419,2021-03-25,112.1,73.4,83.3,100
420,2021-03-26,112.5,74.7,83.3,100.3
421,2021-03-27,113,76.1,83.5,100.7
422,2021-03-28,113.4,77.5,83.7,100.8
423,2021-03-29,113.9,79.1,83.9,101
424,2021-03-30,114.3,80.7,84.3,101.3
425,2021-03-31,114.8,82.3,84.6,101.7
426,2021-04-01,115.2,83.3,84.4,101.3
427,2021-04-02,115.5,84,84.4,101.5
428,2021-04-03,115.8,83.9,84.1,101.4
429,2021-04-04,116.1,84.1,84.2,101.6
430,2021-04-05,116.4,84.3,84.3,101.7
431,2021-04-06,116.6,84,84.2,101.7
432,2021-04-07,116.6,83.6,84,101.4
433,2021-04-08,116.8,83.7,84.1,101.8
434,2021-04-09,117.1,83.6,84,101.6
435,2021-04-10,117.2,83.5,84.1,101.6
436,2021-04-11,117.3,83.4,84.1,101.5
437,2021-04-12,117.4,83.3,84.1,101.3
438,2021-04-13,117.5,83.6,84.4,101.2
439,2021-04-14,117.8,84.1,84.8,101.2
440,2021-04-15,118.2,84.5,85.2,101.1
441,2021-04-16,118.5,85,85.6,100.9
442,2021-04-17,118.9,85.6,86.1,100.7
443,2021-04-18,119.4,86.2,86.4,100.6
444,2021-04-19,119.8,86.8,86.7,100.4
445,2021-04-20,120.2,87.6,87,100.3
446,2021-04-21,120.6,88.3,87.4,100.4
447,2021-04-22,121,89.1,87.7,100.5
448,2021-04-23,121.4,90,87.9,100.9
449,2021-04-24,121.8,90.8,88.3,101
450,2021-04-25,122.1,91.4,88.7,101
451,2021-04-26,122.4,92,89.1,101
452,2021-04-27,122.6,92.6,89.5,100.9
453,2021-04-28,122.8,93.1,89.9,100.8
454,2021-04-29,123,93.7,90.5,100.7
455,2021-04-30,123.1,94.1,91,100.4
456,2021-05-01,123.1,94.5,91.6,100.5
457,2021-05-02,123.1,94.9,92.1,100.5
458,2021-05-03,123.1,95.4,92.7,100.6
459,2021-05-04,123.1,95.6,93,100.8
460,2021-05-05,123.2,95.9,93.5,100.9
461,2021-05-06,123.4,96.1,94.1,101
462,2021-05-07,123.2,96.4,94.6,101.1
463,2021-05-08,123.5,96.9,95.2,100.6
464,2021-05-09,123.9,97.3,95.7,100.2
465,2021-05-10,124.2,97.6,96.4,99.7
466,2021-05-11,124.6,98.1,97.2,99.7
467,2021-05-12,124.9,98.5,97.7,99.8
468,2021-05-13,125.2,98.8,98,99.9
469,2021-05-14,125.8,99.1,98.4,100.1
470,2021-05-15,125.8,99.3,98.6,100.7
471,2021-05-16,125.9,99.4,98.7,101.3
472,2021-05-17,125.9,99.6,98.7,101.7
473,2021-05-18,125.9,99.7,98.6,101.5
474,2021-05-19,125.8,99.9,98.5,101.3
475,2021-05-20,125.8,100.3,98.7,101
476,2021-05-21,125.7,100.8,98.9,100.8
477,2021-05-22,125.6,101.2,98.8,100.6
478,2021-05-23,125.7,101.7,99,100.5
479,2021-05-24,125.7,102.1,99.2,100.6
480,2021-05-25,125.9,102.5,99.3,100.7
481,2021-05-26,126.1,102.9,99.7,100.9
482,2021-05-27,126.4,103,99.8,101.2
483,2021-05-28,126.7,103.2,99.9,101.5
484,2021-05-29,127.2,103.4,100.4,102
485,2021-05-30,127.6,103.7,100.8,102.6
486,2021-05-31,128,104.1,101.2,103.1
487,2021-06-01,128.1,104.2,101.7,103.7
488,2021-06-02,128.2,104.2,102.2,104.2
489,2021-06-03,128.3,104.4,102.7,104.8
490,2021-06-04,128.4,104.8,103.3,105.3
491,2021-06-05,128.4,105.1,103.6,105.6
492,2021-06-06,128.5,105.3,103.8,105.9
493,2021-06-07,128.4,105.5,104.1,106.1
494,2021-06-08,128.5,106,104.4,106.6
495,2021-06-09,128.8,106.5,104.6,107
496,2021-06-10,128.9,106.6,104.7,107.2
497,2021-06-11,129,106.5,104.9,107.5
498,2021-06-12,129.2,106.4,105.1,107.8
499,2021-06-13,129.3,106.4,105.3,108.1
500,2021-06-14,129.5,106.5,105.6,108.4
501,2021-06-15,129.8,106.7,106.2,108.7
502,2021-06-16,130,106.9,106.8,108.9
503,2021-06-17,130.1,107,107.4,108.9
504,2021-06-18,130.1,107.3,107.8,109
505,2021-06-19,130.4,107.6,108.4,108.8
506,2021-06-20,130.5,107.7,108.8,108.5
507,2021-06-21,130.7,108,109.1,108.6
508,2021-06-22,130.8,108.1,109.3,108.6
509,2021-06-23,131.1,108.3,109.4,108.8
510,2021-06-24,131.3,108.7,109.6,109.1
511,2021-06-25,131.6,108.8,109.7,109.2
512,2021-06-26,132,109,110.1,109.7
513,2021-06-27,132.3,109.4,110.4,110.2
514,2021-06-28,132.6,109.8,110.9,110.4
515,2021-06-29,133.1,110.2,111.4,110.7
516,2021-06-30,133.3,110.5,111.8,110.9
517,2021-07-01,133.6,110.8,112.2,111.1
518,2021-07-02,133.9,111.2,112.5,111.3
519,2021-07-03,134.1,111.6,112.7,111.5
520,2021-07-04,134.4,111.9,113,111.5
521,2021-07-05,134.6,112,113.1,111.4
522,2021-07-06,134.7,112.3,113.2,111.4
523,2021-07-07,134.9,112.8,113.5,111.6
524,2021-07-08,135.2,113.3,114.8,111.9
525,2021-07-09,135.5,113.9,116.3,112.2
526,2021-07-10,135.6,114.1,117.6,112.3
527,2021-07-11,135.6,114.6,118.9,112.6
528,2021-07-12,135.6,114.9,120.2,112.8
529,2021-07-13,135.7,115.1,120.4,113
530,2021-07-14,135.8,114.8,120.3,112.9
531,2021-07-15,136,115,119.5,112.8
532,2021-07-16,136.1,114.8,118.4,112.5
533,2021-07-17,136.3,115.1,117.8,112.7
534,2021-07-18,136.7,115.4,117.1,113
535,2021-07-19,137.1,115.7,116.6,113.3
536,2021-07-20,137.3,116,117,113.6
537,2021-07-21,137.3,116.8,117.8,114.1
538,2021-07-22,137.1,117,118.1,114.3
539,2021-07-23,136.9,117.5,118.5,114.8
540,2021-07-24,136.6,118,119,115.1
541,2021-07-25,136.1,118.4,119.4,115.5
542,2021-07-26,135.5,118.7,119.8,115.9
543,2021-07-27,135.1,119.1,120.1,116.2
544,2021-07-28,134.9,119,120.3,116.3
545,2021-07-29,134.9,119.5,120.7,116.8
546,2021-07-30,134.7,119.6,121,117
547,2021-07-31,134.8,119.6,121.1,117.2
548,2021-08-01,134.9,119.6,121,117.2
549,2021-08-02,135,119.5,120.9,117.1
550,2021-08-03,135,119.3,120.3,116.9
551,2021-08-04,135,119.5,119.9,116.9
552,2021-08-05,135.1,119.5,119.5,116.7
553,2021-08-06,135.4,119.9,119.6,117
554,2021-08-07,135.3,120.1,119.6,117.1
555,2021-08-08,135.4,120.5,119.9,117.4
556,2021-08-09,135.5,120.8,120.3,117.6
557,2021-08-10,135.7,121,121,117.9
558,2021-08-11,135.8,121.1,121.6,118.2
559,2021-08-12,135.9,121.4,122.2,118.7
560,2021-08-13,136,121.6,122.6,119
561,2021-08-14,136.3,122,123.2,119.5
562,2021-08-15,136.5,122.3,123.5,120.2
563,2021-08-16,136.6,122.6,123.9,120.9
564,2021-08-17,136.7,123,124.2,121.6
565,2021-08-18,136.9,123.6,124.6,122.5
566,2021-08-19,137.1,123.8,124.9,122.8
567,2021-08-20,137.2,124.2,125.3,123.4
568,2021-08-21,137.4,124.8,125.5,123.8
569,2021-08-22,137.7,125.2,125.9,123.9
570,2021-08-23,137.9,125.6,126,123.9
571,2021-08-24,138.2,126.1,126.3,123.9
572,2021-08-25,138.5,126.2,126.5,123.5
573,2021-08-26,138.7,126.4,126.9,123.4
574,2021-08-27,138.9,126.4,127.3,123
575,2021-08-28,139.1,126.5,127.9,123.1
576,2021-08-29,139.3,126.6,128.5,123.2
577,2021-08-30,139.6,127.1,129.3,123.4
578,2021-08-31,139.8,127,130.1,123.4
579,2021-09-01,139.8,127,130.7,123.6
580,2021-09-02,139.9,127.1,131.2,123.9
581,2021-09-03,140,127,131.3,124
582,2021-09-04,140,126.5,131.1,123.8
583,2021-09-05,140.2,126.2,131.3,123.8
584,2021-09-06,140.4,125.8,131.4,123.7
585,2021-09-07,140.4,126,131.8,124
586,2021-09-08,140.6,126.1,132.1,124.1
587,2021-09-09,140.9,125.9,132.6,124
588,2021-09-10,140.9,126.1,133.4,124.1
589,2021-09-11,141,126.3,134,124
590,2021-09-12,140.9,126.6,134.7,123.9
591,2021-09-13,140.8,126.8,135.4,124.2
592,2021-09-14,141.2,126.9,135.7,124.2
593,2021-09-15,141.4,126.9,135.9,124.3
594,2021-09-16,141.6,127.4,136.1,124.6
595,2021-09-17,141.8,127.9,136.2,125.2
596,2021-09-18,142.1,128,136.1,125.4
597,2021-09-19,142.4,128,135.8,125.5
598,2021-09-20,142.7,128.2,135.8,125.5
599,2021-09-21,142.6,128.5,135.7,125.6
600,2021-09-22,142.7,128.7,135.8,125.7
601,2021-09-23,142.7,128.8,136,125.8
602,2021-09-24,142.9,128.6,136,125.5
603,2021-09-25,142.9,128.6,136.2,125.4
604,2021-09-26,143,128.6,136.3,125.3
605,2021-09-27,143.1,128.6,136.4,125.4
606,2021-09-28,143.4,128.7,136.9,125.4
607,2021-09-29,143.7,128.9,137.5,125.6
608,2021-09-30,143.9,129.1,137.6,125.6
609,2021-10-01,144.2,129.3,137.9,125.8
610,2021-10-02,144.6,129.9,138.3,126.6
611,2021-10-03,144.9,130,138.4,126.9
612,2021-10-04,145.1,130.2,138.7,127.4
613,2021-10-05,145.3,130.6,138.7,128
614,2021-10-06,145.4,131,138.8,128.6
615,2021-10-07,145.5,131.3,139,129.5
616,2021-10-08,145.7,131.8,139.3,130.7
617,2021-10-09,145.9,131.7,139.5,131.3
618,2021-10-10,146.1,132.2,140.1,132.5
619,2021-10-11,146.3,132.4,140.3,133.1
620,2021-10-12,146.4,132.6,140.6,133.9
621,2021-10-13,146.4,132.7,141,134.5
622,2021-10-14,146.6,132.9,141.4,134.9
623,2021-10-15,146.7,133,141.9,135.1
624,2021-10-16,146.6,133.3,142.3,135.4
625,2021-10-17,146.7,133.4,142.4,135.2
626,2021-10-18,146.8,133.5,142.7,135
627,2021-10-19,147,133.7,143.1,135
628,2021-10-20,147.2,134,143.6,135
629,2021-10-21,147.4,134.3,144.1,135
630,2021-10-22,147.6,134.8,144.7,135.3
631,2021-10-23,148.1,135.1,145.2,135.2
632,2021-10-24,148.3,135.2,145.6,135.3
633,2021-10-25,148.5,135.6,146,135.7
634,2021-10-26,148.8,136,146.4,135.8
635,2021-10-27,149.1,136.2,146.6,136
636,2021-10-28,149.3,136.5,146.6,136.1
637,2021-10-29,149.5,136.9,146.7,136.3
638,2021-10-30,149.7,137.6,147.2,136.8
639,2021-10-31,149.9,138.2,147.5,137.3
640,2021-11-01,150.2,138.6,147.9,137.5
641,2021-11-02,150.5,138.5,148,137.2
642,2021-11-03,150.8,138.6,148.5,137.2
643,2021-11-04,151,138.8,149.2,137.4
644,2021-11-05,151.3,138.9,149.7,137.4
645,2021-11-06,151.3,138.9,150.2,137.4
646,2021-11-07,151.5,139,150.8,137.4
647,2021-11-08,151.7,138.9,151.1,137.4
648,2021-11-09,151.7,139.3,151.9,137.7
649,2021-11-10,151.8,139.6,152.3,137.8
650,2021-11-11,152.1,139.6,152.5,137.6
651,2021-11-12,152.2,139.9,152.7,137.5
652,2021-11-13,152.5,139.9,152.7,137
653,2021-11-14,152.7,140,152.9,136.6
654,2021-11-15,152.9,140.3,153.2,136.4
655,2021-11-16,153.2,140.4,153.2,136.3
656,2021-11-17,153.6,140.8,153.4,136.6
657,2021-11-18,153.9,141.3,153.5,136.8
658,2021-11-19,154.3,141.7,153.4,137.2
659,2021-11-20,154.6,142.2,153.4,137.8
660,2021-11-21,155.1,142.9,153.6,138.5
661,2021-11-22,155.7,143.5,153.8,139.3
662,2021-11-23,156.1,144.2,153.9,140.3
663,2021-11-24,156.5,144.6,153.8,140.5
664,2021-11-25,156.8,145.1,154,141
665,2021-11-26,157,145.5,154.3,141.5
666,2021-11-27,157.3,146.2,154.9,141.9
667,2021-11-28,157.4,146.7,155.1,142.2
668,2021-11-29,157.4,147,155.1,142.1
669,2021-11-30,157.5,147.4,155.2,142
670,2021-12-01,157.6,147.6,155,142.1
671,2021-12-02,157.8,147.6,154.4,141.7
672,2021-12-03,158,147.8,154.1,141.7
673,2021-12-04,158.4,147.8,153.6,141.8
674,2021-12-05,158.9,147.7,153.1,141.8
675,2021-12-06,159.4,147.6,152.7,141.9
676,2021-12-07,159.7,147.5,152.4,142
677,2021-12-08,160.1,147.5,152.1,141.7
678,2021-12-09,160.4,147.6,152,141.8
679,2021-12-10,160.7,147.4,151.8,141.7
680,2021-12-11,160.6,147.4,151.5,141.9
681,2021-12-12,160.8,147.6,151.5,141.9
682,2021-12-13,160.9,148,151.4,142.1
683,2021-12-14,161.2,148.2,151.1,142.3
684,2021-12-15,161.4,148.3,150.7,142.4
685,2021-12-16,161.5,148.3,150.1,142.3
686,2021-12-17,161.8,148.3,149.4,142.2
687,2021-12-18,162.3,148.3,148.8,142.2
688,2021-12-19,162.5,148.2,148.3,142.3
689,2021-12-20,162.7,148.1,147.9,142.4
690,2021-12-21,162.7,147.7,147.4,142.3
691,2021-12-22,162.7,147.4,147,142.5
692,2021-12-23,162.8,147.2,146.8,142.8
693,2021-12-24,162.8,147.1,146.5,143.1
694,2021-12-25,162.9,147.2,146.6,143.3
695,2021-12-26,162.9,147.3,146.3,143.5
696,2021-12-27,163.1,147.6,146.1,143.8
697,2021-12-28,163.4,148,146,144.1
698,2021-12-29,163.7,148.4,146.1,144.6
699,2021-12-30,163.9,148,146,144.8
700,2021-12-31,164,147.6,145.9,144.8
701,2022-01-01,164,146.3,145.6,144.5
702,2022-01-02,163.5,144.6,145.3,144.1
703,2022-01-03,163,142.3,144.8,143.4
704,2022-01-04,162.6,139.8,144.4,143.1
705,2022-01-05,162.3,137.1,143.9,142.5
706,2022-01-06,162,135.4,143.8,142.1
707,2022-01-07,161.8,134,144.3,141.8
708,2022-01-08,161.5,133.6,144.6,141.9
709,2022-01-09,161.6,133.4,145,142
710,2022-01-10,161.7,133.4,145.5,141.9
711,2022-01-11,161.5,134,145.8,141.5
712,2022-01-12,161.4,135.1,146.7,141.5
713,2022-01-13,161.2,135.7,147.2,141.3
714,2022-01-14,160.6,135.9,147.5,140.9
715,2022-01-15,160.6,136,148,140.3
716,2022-01-16,160.5,136.5,148.8,140.2
717,2022-01-17,160.3,137.2,149.8,140.2
718,2022-01-18,160.3,137.8,151,140.5
719,2022-01-19,160.2,138.1,151.7,140.6
720,2022-01-20,160.2,138.7,152.7,140.6
721,2022-01-21,160.5,139.3,153.6,140.8
722,2022-01-22,160.3,139.7,154,140.7
723,2022-01-23,160.1,139.8,154.3,140.3
724,2022-01-24,159.9,140.3,154.7,140.2
725,2022-01-25,159.8,140.9,155.1,140
726,2022-01-26,159.7,141.5,155.5,139.9
727,2022-01-27,159.6,142,155.9,139.8
728,2022-01-28,159.4,142.4,156.3,139.6
729,2022-01-29,159.6,142.8,157.2,139.6
730,2022-01-30,159.7,143.4,158.1,139.7
731,2022-01-31,159.8,143.8,158.8,139.8
732,2022-02-01,159.9,144,159.4,139.9
733,2022-02-02,160,144.3,160,140.3
734,2022-02-03,160.1,144.9,160.5,140.7
735,2022-02-04,160.4,145.4,160.9,141.1
736,2022-02-05,160.5,145.8,161.2,141.3
737,2022-02-06,160.5,146.2,161.4,141.4
738,2022-02-07,160.6,146.3,161.5,141.5
739,2022-02-08,160.6,146.7,162.1,142
740,2022-02-09,160.7,147.3,162.7,142.4
741,2022-02-10,160.7,147.7,163.3,142.8
742,2022-02-11,160.7,148.3,164.1,142.2
743,2022-02-12,160.7,148.6,164.5,142.6
744,2022-02-13,160.7,148.8,164.7,142.8
745,2022-02-14,160.6,149,165,142.8
746,2022-02-15,160.5,149.3,165.3,142.6
747,2022-02-16,160.5,149.4,165.4,142.6
748,2022-02-17,160.4,149.6,165.4,142.9
749,2022-02-18,160.4,149.7,165.2,144.2
750,2022-02-19,160.1,149.6,164.9,144.7
751,2022-02-20,160.1,149.6,164.7,145.2
752,2022-02-21,160.2,149.8,164.5,145.6
753,2022-02-22,160,149.7,164,146.1
754,2022-02-23,159.9,149.6,163.6,146.7
755,2022-02-24,159.8,149.6,163.3,147
756,2022-02-25,159.7,149.6,162.7,147.3
757,2022-02-26,159.9,149.8,162.5,147.6
758,2022-02-27,159.8,149.7,162,147.8
759,2022-02-28,159.6,149.7,161.8,148.1
760,2022-03-01,159.6,149.2,161.5,148.2
761,2022-03-02,159.4,149,161.3,148.2
762,2022-03-03,159.2,148.7,161.2,148.3
763,2022-03-04,159,148.4,161,148.4
764,2022-03-05,158.7,147.8,160.8,148.6
765,2022-03-06,158.6,147.5,160.8,148.6
766,2022-03-07,158.5,147.2,160.4,148.4
767,2022-03-08,158.5,147.2,159.9,148.5
768,2022-03-09,158.6,147.1,159.7,148.4
769,2022-03-10,158.6,147.1,159.3,148.2
770,2022-03-11,158.7,147.2,159.4,148
771,2022-03-12,158.8,147.5,159.3,148.1
772,2022-03-13,158.8,147.7,159.1,148.1
773,2022-03-14,158.8,147.7,159,148.1
774,2022-03-15,158.7,147.6,159.3,147.9
775,2022-03-16,158.6,147.5,159.2,147.9
776,2022-03-17,158.7,147.4,159.5,148.3
777,2022-03-18,158.6,147.5,159.7,148.6
778,2022-03-19,158.5,147.4,160,148.7
779,2022-03-20,158.3,147.4,160.2,148.8
780,2022-03-21,158.2,147.6,160.6,149.2
781,2022-03-22,158.1,147.6,160.5,149.6
782,2022-03-23,158,147.8,160.7,150
783,2022-03-24,157.8,147.9,160.6,150.3
784,2022-03-25,157.8,148.1,160.7,150.7
785,2022-03-26,157.8,148.3,160.8,151.1
786,2022-03-27,157.9,148.6,160.9,151.6
787,2022-03-28,157.9,148.8,161.1,152
788,2022-03-29,157.9,149.2,161.2,152.4
789,2022-03-30,158.2,149.6,161,152.9
790,2022-03-31,158.3,149.9,160.7,153.3
791,2022-04-01,158.1,149.6,160.4,153.2
792,2022-04-02,158,149.4,159.9,153.1
793,2022-04-03,157.9,149.1,159.4,153.1
794,2022-04-04,157.7,148.9,158.8,153.2
795,2022-04-05,157.5,148.8,158.6,153.5
796,2022-04-06,157.1,148.5,158.7,153.6
797,2022-04-07,156.8,148,158.5,153.7
798,2022-04-08,156.5,147.9,158.3,154
799,2022-04-09,156,147.7,158.1,154.3
800,2022-04-10,155.3,147.3,157.7,154.4
801,2022-04-11,154.7,147,157.3,154.4
802,2022-04-12,154.2,146.8,156.9,154.5
803,2022-04-13,153.8,146.4,156.7,154.6
804,2022-04-14,153.5,146.3,156.5,154.6
805,2022-04-15,153.3,146.3,156.3,154.6
806,2022-04-16,153.4,146.4,156.2,154.6
807,2022-04-17,153.7,146.5,156.1,154.3
808,2022-04-18,154,146.8,156.1,154.4
809,2022-04-19,154.3,146.7,155.7,154.3
810,2022-04-20,154.6,146.5,155,153.9
811,2022-04-21,154.9,146.4,154.2,153.3
812,2022-04-22,155.3,146,153.5,152.9
813,2022-04-23,155.8,145.7,152.8,152.5
814,2022-04-24,156,145.5,152.3,152.5
815,2022-04-25,156.2,145.1,151.9,152.2
816,2022-04-26,156.4,145.1,151.7,152.1
817,2022-04-27,156.1,144.9,151.3,152
818,2022-04-28,156,144.9,151.5,152
819,2022-04-29,155.8,144.9,151.7,151.9
820,2022-04-30,155.4,144.9,152,151.8
821,2022-05-01,155.7,144.8,152.3,151.6
822,2022-05-02,155.6,144.9,152.6,151.6
823,2022-05-03,155.4,144.5,152.8,151.6
824,2022-05-04,155.7,144.3,153.5,151.6
825,2022-05-05,155.7,144.1,153.7,151.5
826,2022-05-06,155.7,143.9,154.2,151.4
827,2022-05-07,155.6,143.5,154.5,151.1
828,2022-05-08,155.3,143.5,154.8,151
829,2022-05-09,155.4,143.5,155.3,151
830,2022-05-10,155.5,143.9,156,150.9
831,2022-05-11,155.5,144.3,156.4,150.9
832,2022-05-12,155.6,144.5,156.7,150.9
833,2022-05-13,155.5,144.5,156.6,150.9
834,2022-05-14,155.6,144.7,156.7,151
835,2022-05-15,155.6,144.8,156.6,151.4
836,2022-05-16,155.6,145,156.7,151.6
837,2022-05-17,155.6,145,156.6,151.6
838,2022-05-18,155.7,144.9,156.5,151.4
839,2022-05-19,155.6,144.9,156.2,151.4
840,2022-05-20,155.7,145,156.3,151.5
841,2022-05-21,155.6,145,156.1,151.6
842,2022-05-22,155.7,145.1,156,151.5
843,2022-05-23,155.7,145.2,156.1,151.4
844,2022-05-24,155.8,145.1,156.1,151.3
845,2022-05-25,155.8,145,156.1,151.3
846,2022-05-26,155.7,144.8,156.2,151.2
847,2022-05-27,155.7,144.5,156.2,151.1
848,2022-05-28,155.9,144.4,156.3,151
849,2022-05-29,155.9,144.3,156.4,150.9
850,2022-05-30,155.9,144.2,156.5,150.8
851,2022-05-31,155.8,144.4,156.8,150.8
852,2022-06-01,155.8,144.2,156.9,150.6
853,2022-06-02,155.8,144.3,157.2,150.2
854,2022-06-03,155.6,144.2,157.4,149.7
855,2022-06-04,155.5,143.9,157.6,149.3
856,2022-06-05,155.3,143.7,157.7,149.2
857,2022-06-06,155.1,143.1,157.8,149.2
858,2022-06-07,155,142.4,157.4,149.1
859,2022-06-08,154.9,141.8,157.1,149
860,2022-06-09,154.8,141.1,156.8,149
861,2022-06-10,154.6,140.5,156.5,149
862,2022-06-11,154.5,140.2,156.3,149.1
863,2022-06-12,154.3,139.7,156,149.1
864,2022-06-13,154.3,139.4,155.6,149
865,2022-06-14,154.2,139.2,155.5,149
866,2022-06-15,154.1,138.9,155.5,148.9
867,2022-06-16,154,138.9,155.5,149
868,2022-06-17,154,139,155.6,148.8
869,2022-06-18,153.9,139.4,155.8,149
870,2022-06-19,154,139.8,156.3,149.1
871,2022-06-20,154,140,156.5,149.1
872,2022-06-21,153.9,139.9,156.5,148.8
873,2022-06-22,154,139.8,156.7,148.6
874,2022-06-23,154.1,139.7,156.8,148.3
875,2022-06-24,154.1,139.4,156.6,148.5
876,2022-06-25,154,139,156.3,148.6
877,2022-06-26,153.9,138.5,155.8,148.6
878,2022-06-27,153.7,138.1,155.4,148.5
879,2022-06-28,153.7,137.8,155.5,148.6
880,2022-06-29,153.8,138.1,155.6,148.5
881,2022-06-30,153.7,138.4,155.5,148.7
882,2022-07-01,153.7,138.8,155.9,148.9
883,2022-07-02,153.9,139.4,156.4,148.9
884,2022-07-03,154.1,139.8,156.9,148.7
885,2022-07-04,154.2,140.2,157.7,148.6
886,2022-07-05,154.3,140.7,157.8,148.4
887,2022-07-06,154.2,141.1,158,148.6
888,2022-07-07,154.2,141.5,158.1,148.8
889,2022-07-08,154.3,141.9,158.3,149
890,2022-07-09,154.1,142.3,158.6,149.1
891,2022-07-10,154.1,142.6,158.6,149
892,2022-07-11,154.1,142.8,158.4,148.7
893,2022-07-12,154,143.1,158.3,148.7
894,2022-07-13,154,143.3,157.8,148.6
895,2022-07-14,154,143.7,157.7,148.7
896,2022-07-15,154,144,157.5,148.7
897,2022-07-16,154,144,156.9,148.4
898,2022-07-17,154,144,156.5,148.3
899,2022-07-18,153.9,144.1,156.1,148.3
900,2022-07-19,153.8,144.1,155.7,148.3
901,2022-07-20,153.7,144.2,155.9,148.6
902,2022-07-21,153.5,144.2,155.9,148.6
903,2022-07-22,153.4,144.2,155.9,148.6
904,2022-07-23,153.2,144.1,155.7,148.6
905,2022-07-24,153.1,144.3,155.5,148.8
906,2022-07-25,153,144.4,155.4,149
907,2022-07-26,152.8,145,155.5,149.8
908,2022-07-27,152.8,145.3,155.4,150.2
909,2022-07-28,152.9,145.3,155.2,150.4
910,2022-07-29,152.8,145.4,154.9,150.8
911,2022-07-30,152.9,145.4,154.8,150.9
912,2022-07-31,152.9,145.3,154.7,150.9
913,2022-08-01,152.9,145.1,154.3,150.9
914,2022-08-02,152.7,144.8,153.6,150.8
915,2022-08-03,152.6,144.5,152.8,150.6
916,2022-08-04,152.5,144.3,152,150.6
917,2022-08-05,152.5,144.4,151.4,150.5
918,2022-08-06,152.4,144.6,151.2,150.6
919,2022-08-07,152.3,144.8,151.1,150.9
920,2022-08-08,152.2,145,151.3,151.3
921,2022-08-09,152.1,144.9,151.5,150.9
922,2022-08-10,152,144.6,151.6,150.4
923,2022-08-11,151.8,144.4,151.8,150
924,2022-08-12,151.6,143.9,151.7,149.8
925,2022-08-13,151.2,143.7,151.7,150
926,2022-08-14,151.1,143.8,151.8,150.7
927,2022-08-15,150.9,143.7,151.6,151.1
928,2022-08-16,150.8,143.7,151.6,151.8
929,2022-08-17,150.6,143.9,151.6,152.6
930,2022-08-18,150.4,144.1,151.6,153.3
931,2022-08-19,150.3,144.4,151.7,153.9
932,2022-08-20,150.2,144.7,151.7,154.3
933,2022-08-21,150,144.7,151.6,154.3
934,2022-08-22,149.9,144.9,151.6,154.1
935,2022-08-23,149.7,144.8,151.5,153.8
936,2022-08-24,149.7,144.7,151.4,153.4
937,2022-08-25,149.8,144.7,151.5,153.3
938,2022-08-26,149.8,144.7,151.8,153.2
939,2022-08-27,150,144.5,152,152.8
940,2022-08-28,150,144.4,152.2,152.5
941,2022-08-29,150,144.5,152.4,152.1
942,2022-08-30,150.1,144.5,152.6,151.8
943,2022-08-31,150.2,144.5,153,151.9
944,2022-09-01,150.1,144.4,153.5,151.9
945,2022-09-02,150,144.3,153.6,151.6
946,2022-09-03,149.9,144,153.6,151.4
947,2022-09-04,149.9,143.8,153.3,151.1
948,2022-09-05,150,143.3,153,150.8
949,2022-09-06,149.9,143.1,152.7,150.8
950,2022-09-07,149.7,143.1,152.4,150.8
951,2022-09-08,149.7,143.3,152,150.6
952,2022-09-09,149.7,143.3,151.7,150.5
953,2022-09-10,149.7,143.2,151.4,150.2
954,2022-09-11,149.6,143,151.1,149.6
955,2022-09-12,149.5,142.9,151,149.3
956,2022-09-13,149.6,143.1,151.1,149.4
957,2022-09-14,149.6,143.2,151.1,149.4
958,2022-09-15,149.6,142.9,151,149
959,2022-09-16,149.6,142.7,150.7,148.6
960,2022-09-17,149.4,142.5,150.4,148
961,2022-09-18,149.4,142.5,150.1,147.8
962,2022-09-19,149.3,142.6,149.7,147.8
963,2022-09-20,149,142.2,149.2,147.6
964,2022-09-21,148.8,141.7,148.7,147.2
965,2022-09-22,148.6,141.2,148.3,147
966,2022-09-23,148.4,140.8,148.2,146.7
967,2022-09-24,148.4,140.5,148.3,146.9
968,2022-09-25,148.4,140,148.4,146.8
969,2022-09-26,148.5,140,148.9,147
970,2022-09-27,148.7,140.1,149.5,147.1
971,2022-09-28,148.9,140.2,149.7,147.1
972,2022-09-29,149,140.3,150.1,147
973,2022-09-30,149,140.3,150.2,147.1
974,2022-10-01,149.1,140,150,147.1
975,2022-10-02,149.1,140.5,150,147.7
976,2022-10-03,149.1,140.6,149.6,148
977,2022-10-04,148.9,140.7,149.2,148.4
978,2022-10-05,148.9,140.7,149,148.3
979,2022-10-06,148.9,140.7,148.5,148.4
980,2022-10-07,148.8,140.8,148.3,148.7
981,2022-10-08,148.8,141.5,148.4,149.1
982,2022-10-09,148.8,141.8,148.6,149.3
983,2022-10-10,148.8,141.9,149,149.4
984,2022-10-11,148.9,141.9,149.3,149.3
985,2022-10-12,148.9,141.8,149.8,149.6
986,2022-10-13,149,141.9,150.2,149.4
987,2022-10-14,149.1,141.9,150.4,149.1
988,2022-10-15,149,142.1,150.9,149.8
989,2022-10-16,149.1,142.3,151.2,150.2
990,2022-10-17,149.1,142.4,151.3,150.5
991,2022-10-18,149.1,142.2,151.3,150.7
992,2022-10-19,149,142,151.2,150.5
993,2022-10-20,148.9,141.9,151.2,150.5
994,2022-10-21,148.8,142.1,151.5,151.2
995,2022-10-22,148.5,141.7,151.4,151.1
996,2022-10-23,148.4,141.4,151.5,151
997,2022-10-24,148.3,141,151.7,150.8
998,2022-10-25,148.2,141,151.9,150.7
999,2022-10-26,148.3,141.1,152.1,150.3
1000,2022-10-27,148.3,141.4,152.5,151.2
1001,2022-10-28,148.3,141.5,152.9,151.5
1002,2022-10-29,148.7,141.8,153.5,151.6
1003,2022-10-30,148.8,141.8,153.8,151.7
1004,2022-10-31,148.8,141.8,154.1,151.8
1005,2022-11-01,148.8,141.8,154.2,151.9
1006,2022-11-02,148.7,142.1,154.6,153.1
1007,2022-11-03,148.7,142.4,155,153.6
1008,2022-11-04,148.8,142.6,155.1,153.9
1009,2022-11-05,148.7,142.8,155.2,154.4
1010,2022-11-06,148.7,143,155.2,154.6
1011,2022-11-07,148.6,143.4,155.3,154.9
1012,2022-11-08,148.7,144.2,155.6,155.5
1013,2022-11-09,148.8,144.4,155.9,155.5
1014,2022-11-10,148.8,144.7,156.1,155.4
1015,2022-11-11,148.7,144.8,156.3,155.2
1016,2022-11-12,148.7,145.1,156.8,155.1
1017,2022-11-13,148.7,145,156.9,154.7
1018,2022-11-14,148.6,145,157.1,154.3
1019,2022-11-15,148.5,145.1,157.5,154.2
1020,2022-11-16,148.5,145.3,157.8,153.7
1021,2022-11-17,148.6,145.6,158.1,153.4
1022,2022-11-18,148.7,145.8,158.2,153.2
1023,2022-11-19,148.6,146,158.1,153.1
1024,2022-11-20,148.7,146.6,158.3,153.3
1025,2022-11-21,148.8,147.2,158.5,153.8
1026,2022-11-22,149,147.5,158.6,154
1027,2022-11-23,149.1,147.7,158.8,154.5
1028,2022-11-24,149.2,148,158.9,154.9
1029,2022-11-25,149.3,148.2,159.3,155.1
1030,2022-11-26,149.4,148.1,159.5,154.9
1031,2022-11-27,149.4,148.1,159.7,154.7
1032,2022-11-28,149.5,148.2,159.9,154.6
1033,2022-11-29,149.5,148.3,159.7,154.7
1034,2022-11-30,149.5,148.5,159.6,154.8
1035,2022-12-01,149.5,148.4,159.1,154.8
1036,2022-12-02,149.3,148.3,158.4,154.9
1037,2022-12-03,149.2,148.7,157.9,155.2
1038,2022-12-04,149,149,157.4,155.6
1039,2022-12-05,148.9,149,156.8,155.7
1040,2022-12-06,148.8,149.2,156.6,155.7
1041,2022-12-07,148.5,149.2,156.2,155.5
1042,2022-12-08,148.2,149.5,156,155.4
1043,2022-12-09,148.2,149.8,156.1,155.5
1044,2022-12-10,148,150,156.1,155.5
1045,2022-12-11,147.9,150.1,156.2,155.5
1046,2022-12-12,147.8,150.2,156.2,155.5
1047,2022-12-13,147.7,150.3,156.4,155.5
1048,2022-12-14,147.9,150.3,156.6,155.4
1049,2022-12-15,148,150.3,156.3,155.2
1050,2022-12-16,148.1,150,155.6,154.8
1051,2022-12-17,148.3,149.7,154.8,154.5
1052,2022-12-18,148.4,149.5,153.8,154.1
1053,2022-12-19,148.5,149.4,153.1,153.8
1054,2022-12-20,148.6,149.1,151.9,153.4
1055,2022-12-21,148.6,148.4,150.5,152.8
1056,2022-12-22,148.7,147.7,149.7,152.3
1057,2022-12-23,148.7,147.3,149.2,152.2
1058,2022-12-24,148.8,147,148.9,152.1
1059,2022-12-25,148.9,146.7,148.7,152.1
1060,2022-12-26,149.1,146.5,148.4,152
1061,2022-12-27,149.2,146.3,148.3,151.8
1062,2022-12-28,149.2,146.7,148.3,152
1063,2022-12-29,149.1,147,148.3,152.4
1064,2022-12-30,149.2,146.9,148.4,152.5
1065,2022-12-31,149,146.6,148.6,152.5
1066,2023-01-01,148.6,145.4,148.4,152
1067,2023-01-02,148.2,143.8,148.2,151.4
1068,2023-01-03,147.7,141.7,147.9,150.9
1069,2023-01-04,147.2,139.6,147.7,150.3
1070,2023-01-05,146.7,137.9,147.8,150
1071,2023-01-06,146.2,136.4,148,149.6
1072,2023-01-07,145.9,135.2,148.3,149.4
1073,2023-01-08,145.8,134.5,148.7,149.5
1074,2023-01-09,145.7,134,149.1,149.7
1075,2023-01-10,145.6,134.2,149.6,149.9
1076,2023-01-11,145.6,134.8,150.4,150.4
1077,2023-01-12,145.6,134.9,150.9,150.6
1078,2023-01-13,145.5,135.1,151.1,150.7
1079,2023-01-14,145.3,135.3,151.2,150.7
1080,2023-01-15,145,135.6,151.5,150.9
1081,2023-01-16,144.8,136,151.8,151.1
1082,2023-01-17,144.6,136.3,152.3,151.4
1083,2023-01-18,144.4,136.4,152.9,151.2
1084,2023-01-19,144.3,136.4,153.2,151
1085,2023-01-20,144.1,136.2,153.5,150.7
1086,2023-01-21,144,136,153.6,150.3
1087,2023-01-22,143.9,135.8,153.7,149.9
1088,2023-01-23,143.7,135.5,153.5,149.5
1089,2023-01-24,143.5,135.2,153.3,149
1090,2023-01-25,143.2,135,152.9,148.7
1091,2023-01-26,143,134.9,152.6,148.3
1092,2023-01-27,142.7,134.8,152.4,148
1093,2023-01-28,142.6,134.7,152.4,147.6
1094,2023-01-29,142.4,134.6,152.2,147.2
1095,2023-01-30,142.2,134.5,152.3,147.1
1096,2023-01-31,142,134.2,151.9,147
1097,2023-02-01,141.8,133.8,151.5,146.9
1098,2023-02-02,141.5,133.4,151.1,146.8
1099,2023-02-03,141.2,133.2,150.7,147
1100,2023-02-04,141.1,133.1,150.3,147.4
1101,2023-02-05,140.9,133,150.1,147.7
1102,2023-02-06,140.7,132.9,149.9,148
1103,2023-02-07,140.5,133,149.7,148.2
1104,2023-02-08,140.2,133.5,149.7,148.6
1105,2023-02-09,140,133.6,149.5,148.7
1106,2023-02-10,139.6,133.6,149.3,148.7
1107,2023-02-11,139.1,133.6,149,148.5
1108,2023-02-12,138.6,133.5,148.7,148.3
1109,2023-02-13,138.2,133.4,148.5,148.1
1110,2023-02-14,137.8,133.3,148.3,147.8
1111,2023-02-15,137.5,132.8,148.9,147.3
1112,2023-02-16,137.2,132.6,149.5,146.8
1113,2023-02-17,137.1,132.2,150.1,146.3
1114,2023-02-18,136.5,131.6,150.3,145.7
1115,2023-02-19,136.3,131.3,150.8,145.3
1116,2023-02-20,136.1,130.9,151.2,144.9
1117,2023-02-21,135.8,130.3,151.5,144.4
1118,2023-02-22,135.6,130.1,150.5,144.4
1119,2023-02-23,135.5,130,149.5,144.5
1120,2023-02-24,135.3,129.6,148,144.4
1121,2023-02-25,135.4,129.4,146.9,144.4
1122,2023-02-26,135.2,128.9,145.4,144.3
1123,2023-02-27,135,128.4,144.1,144.3
1124,2023-02-28,134.7,127.9,142.6,144.1
1125,2023-03-01,134,127.1,141.5,143.7
1126,2023-03-02,133.5,126.2,140.5,143.6
1127,2023-03-03,133.2,125.8,140.3,143.6
1128,2023-03-04,132.9,125.4,140.2,143.7
1129,2023-03-05,132.7,125.3,140.2,143.9
1130,2023-03-06,132.5,125.1,140.2,143.8
1131,2023-03-07,132.2,125,140.7,144
1132,2023-03-08,132.2,125.1,141.4,144.1
1133,2023-03-09,132,125.1,141.9,143.8
1134,2023-03-10,132.6,125.6,143.1,143.9
1135,2023-03-11,133.2,125.9,144.3,143.9
1136,2023-03-12,133.7,126.1,145.2,143.8
1137,2023-03-13,134.1,125.9,145.8,143.5
1138,2023-03-14,134.5,126.2,146.4,143.4
1139,2023-03-15,135.2,126.4,147,143.6
1140,2023-03-16,135.7,126.6,147.5,143.8
1141,2023-03-17,135.6,126.4,147.3,143.8
1142,2023-03-18,135.5,126.3,146.8,143.8
1143,2023-03-19,135.3,126.3,146.5,143.9
1144,2023-03-20,135.3,126.7,146.5,144.3
1145,2023-03-21,135.2,126.8,146.3,144.5
1146,2023-03-22,135,126.7,146.1,144.6
1147,2023-03-23,134.8,126.5,146,144.6
1148,2023-03-24,134.6,126.4,145.7,144.6
1149,2023-03-25,134.4,126.1,145.6,144.7
1150,2023-03-26,134.2,125.9,145.5,144.9
1151,2023-03-27,134.1,125.7,145.3,145
1152,2023-03-28,134,125.4,145.2,145.1
1153,2023-03-29,133.9,125.4,144.8,145.3
1154,2023-03-30,133.9,125.4,144.4,145.4
1155,2023-03-31,133.8,125,143.7,145.2
1156,2023-04-01,133.7,124.7,143.1,144.9
1157,2023-04-02,133.6,124.5,142.5,144.8
1158,2023-04-03,133.5,124.3,141.9,144.7
1159,2023-04-04,133.4,124.2,141.4,144.7
1160,2023-04-05,133.4,124.1,141.1,144.7
1161,2023-04-06,133.2,123.9,140.8,144.7
1162,2023-04-07,133.2,124.1,140.9,145.2
1163,2023-04-08,133.2,124,140.9,145.6
1164,2023-04-09,133.1,123.8,140.9,145.6
1165,2023-04-10,133.1,123.6,141.1,145.7
1166,2023-04-11,133,123,140.7,145.6
1167,2023-04-12,132.9,122.4,140.2,145.1
1168,2023-04-13,132.9,121.7,139.6,144.4
1169,2023-04-14,132.8,121.1,139.1,143.8
1170,2023-04-15,132.5,120.8,138.5,143.2
1171,2023-04-16,132.6,120.7,138,142.8
1172,2023-04-17,132.6,120.6,137.2,142.2
1173,2023-04-18,132.7,120.7,136.8,141.8
1174,2023-04-19,132.6,121,136.5,141.7
1175,2023-04-20,132.6,121.4,136.1,141.7
1176,2023-04-21,132.7,121.4,135.5,141.2
1177,2023-04-22,133.1,121.7,135.3,141.2
1178,2023-04-23,133.1,121.6,134.9,141.1
1179,2023-04-24,133.2,121.7,134.7,141.2
1180,2023-04-25,133.2,121.8,134.7,141.3
1181,2023-04-26,133.4,121.8,134.9,141.3
1182,2023-04-27,133.4,122,135.1,141.4
1183,2023-04-28,133.4,122.2,135.5,141.7
1184,2023-04-29,133.3,122.2,135.8,141.7
1185,2023-04-30,133.1,122.4,136.1,141.6
1186,2023-05-01,132.9,122.3,136.4,141.5
1187,2023-05-02,132.7,122,136.3,141.2
1188,2023-05-03,132.4,121.6,136.1,141
1189,2023-05-04,132,121.1,135.9,140.7
1190,2023-05-05,131.8,120.8,135.8,140.3
1191,2023-05-06,131.8,120.6,135.9,139.8
1192,2023-05-07,131.7,120.2,136.1,139.2
1193,2023-05-08,131.8,120,136.1,138.6
1194,2023-05-09,131.7,119.8,136.5,138.2
1195,2023-05-10,131.8,119.7,136.9,138
1196,2023-05-11,131.9,119.7,137.6,137.9
1197,2023-05-12,131.3,119.4,137.9,137.8
1198,2023-05-13,131.2,119.1,138.1,137.9
1199,2023-05-14,131,118.9,138.2,138
1200,2023-05-15,130.8,118.5,138.2,138.2
1201,2023-05-16,130.5,118.3,137.9,138.2
1202,2023-05-17,130.4,118.1,137.4,138.1
1203,2023-05-18,130.2,117.9,136.6,138
1204,2023-05-19,130.6,117.9,135.9,137.7
1205,2023-05-20,130.6,117.7,135.2,137.2
1206,2023-05-21,130.6,117.5,134.5,136.8
1207,2023-05-22,130.7,117.4,133.9,136.3
1208,2023-05-23,130.8,117.4,133.5,136
1209,2023-05-24,130.8,117.2,133.3,135.6
1210,2023-05-25,130.9,116.9,133.3,135.3
1211,2023-05-26,130.9,116.5,133.2,135.2
1212,2023-05-27,130.9,116.2,133.1,135.2
1213,2023-05-28,130.8,115.8,133.1,135.1
1214,2023-05-29,130.7,115.5,133.2,135
1215,2023-05-30,130.7,115.1,133.4,135.4
1216,2023-05-31,130.6,114.7,133.5,135.8
1217,2023-06-01,130.4,114.3,133.6,136.2
1218,2023-06-02,130.2,113.9,133.5,136.4
1219,2023-06-03,130,113.4,133.3,136.3
1220,2023-06-04,129.8,113.2,133.2,136.1
1221,2023-06-05,129.6,113.1,133.3,136.5
1222,2023-06-06,129.5,113.2,133.2,136.6
1223,2023-06-07,129.3,113.2,132.8,136.6
1224,2023-06-08,129.3,113.2,132.6,136.7
1225,2023-06-09,129.1,113.1,132.5,136.6
1226,2023-06-10,129,113.2,132.4,136.4
1227,2023-06-11,128.8,113.2,132.2,136.8
1228,2023-06-12,128.7,113.2,132.2,137
1229,2023-06-13,128.6,113,132.1,137.1
1230,2023-06-14,128.6,113,132.3,137.1
1231,2023-06-15,128.5,112.8,132.3,136.8
1232,2023-06-16,128.4,112.9,132.4,136.6
1233,2023-06-17,128.4,112.8,132.4,136.9
1234,2023-06-18,128.4,113,132.8,137.4
1235,2023-06-19,128.3,113,132.9,137.5
1236,2023-06-20,128.3,113.1,132.8,137.5
1237,2023-06-21,128.1,112.9,132.6,137.2
1238,2023-06-22,128.1,113,132.5,136.8
1239,2023-06-23,128.2,113.1,132.2,136.7
1240,2023-06-24,128.2,113.3,132.2,137.1
1241,2023-06-25,128.1,113.2,131.9,137
1242,2023-06-26,128,113.1,131.5,136.9
1243,2023-06-27,127.9,112.9,131.1,136.7
1244,2023-06-28,127.9,112.9,130.8,136.6
1245,2023-06-29,127.8,113,130.4,136.6
1246,2023-06-30,127.7,113.2,130.3,137.3
1247,2023-07-01,127.6,113.2,130.1,137.5
1248,2023-07-02,127.5,113.2,129.7,137.7
1249,2023-07-03,127.5,113.1,129.5,137.6
1250,2023-07-04,127.4,113.1,129.5,137.5
1251,2023-07-05,127.5,113.2,129.5,137.3
1252,2023-07-06,127.4,113.3,129.7,137.8
1253,2023-07-07,127.4,113.6,129.9,138
1254,2023-07-08,127.6,113.8,130.1,137.9
1255,2023-07-09,127.7,114,130.5,137.6
1256,2023-07-10,127.8,114.1,130.6,137.4
1257,2023-07-11,127.9,114.1,130.5,137.3
1258,2023-07-12,128,114.2,130.5,137.6
1259,2023-07-13,128.2,114.4,130.8,137.7
1260,2023-07-14,128.5,114.4,131,137.4
1261,2023-07-15,128.7,114.3,130.9,137
1262,2023-07-16,128.8,114,130.8,136.6
1263,2023-07-17,128.9,113.9,131,136.2
1264,2023-07-18,129,114,130.9,135.8
1265,2023-07-19,129,114,131.1,135.8
1266,2023-07-20,128.9,113.9,131.1,135.7
1267,2023-07-21,128.7,113.6,130.8,135.5
1268,2023-07-22,128.4,113.3,130.3,135.3
1269,2023-07-23,128.3,113.3,130.2,135.3
1270,2023-07-24,128.2,113.5,130,135.8
1271,2023-07-25,128.2,113.8,130.2,136.7
1272,2023-07-26,128.2,113.9,129.9,137
1273,2023-07-27,128.2,114,129.8,137.4
1274,2023-07-28,128.2,114,129.7,137.5
1275,2023-07-29,128.4,114.1,129.8,137.7
1276,2023-07-30,128.4,114,129.5,137.6
1277,2023-07-31,128.4,114.1,129.3,137.8
1278,2023-08-01,128.3,113.8,128.9,137.8
1279,2023-08-02,128.2,113.4,128.4,137.6
1280,2023-08-03,128.1,113,127.8,137.2
1281,2023-08-04,128,112.7,127.2,136.8
1282,2023-08-05,127.9,112.8,126.9,137
1283,2023-08-06,127.8,113.1,126.8,137.8
1284,2023-08-07,127.8,112.9,126.7,137.9
1285,2023-08-08,127.7,112.7,126.5,137.7
1286,2023-08-09,127.8,112.8,126.5,137.8
1287,2023-08-10,127.8,112.9,126.7,138
1288,2023-08-11,127.7,112.7,126.5,137.9
1289,2023-08-12,127.6,112.4,126.3,137.7
1290,2023-08-13,127.5,112.2,126.2,137.8
1291,2023-08-14,127.5,112.1,125.9,138
1292,2023-08-15,127.5,112.2,125.7,138.7
1293,2023-08-16,127.4,112.2,125.5,139.3
1294,2023-08-17,127.4,112,125.1,139.2
1295,2023-08-18,127.4,112.3,125.2,139.7
1296,2023-08-19,127.4,112.7,125.4,140.4
1297,2023-08-20,127.3,112.8,125.1,140.5
1298,2023-08-21,127.3,113,125,140.5
1299,2023-08-22,127.2,113.2,125.3,140.2
1300,2023-08-23,127.1,113,125.3,139.6
1301,2023-08-24,127,113.2,125.5,139.1
1302,2023-08-25,127,113.3,125.7,139.1
1303,2023-08-26,127,113.4,125.7,138.7
1304,2023-08-27,127.1,113.5,126,138.4
1305,2023-08-28,127.1,113.7,126.2,138.3
1306,2023-08-29,127.3,113.4,126.1,137.8
1307,2023-08-30,127.5,113.6,126.2,137.5
1308,2023-08-31,127.6,113.8,126.3,137.6
1309,2023-09-01,127.5,113.7,126.5,137.7
1310,2023-09-02,127.6,113.5,126.6,137.6
1311,2023-09-03,127.5,113.2,126.5,137.5
1312,2023-09-04,127.5,112.6,126.3,137.2
1313,2023-09-05,127.5,112.5,126.3,137
1314,2023-09-06,127.5,112.7,126.4,137.5
1315,2023-09-07,127.5,112.6,126.6,137.9
1316,2023-09-08,127.6,112.6,126.8,137.9
1317,2023-09-09,127.8,112.5,127,137.7
1318,2023-09-10,128,112.4,127.5,137.7
1319,2023-09-11,128.1,112.5,128,137.6
1320,2023-09-12,128.2,112.3,128.3,137.2
1321,2023-09-13,128.3,112.3,128.6,137
1322,2023-09-14,128.4,112.4,129,136.8
1323,2023-09-15,128.5,112.3,129,136.7
1324,2023-09-16,128.5,112.1,129.1,136.5
1325,2023-09-17,128.2,112.2,129,136.1
1326,2023-09-18,127.8,112.2,128.7,136
1327,2023-09-19,127.5,112.5,128.7,136.6
1328,2023-09-20,127.2,112.4,128.4,136.6
1329,2023-09-21,126.9,112.3,128,136.5
1330,2023-09-22,126.6,112.1,127.6,136.5
1331,2023-09-23,126.3,112.3,127.4,136.8
1332,2023-09-24,126.4,111.9,126.9,136.3
1333,2023-09-25,126.5,111.9,126.9,136.4
1334,2023-09-26,126.7,111.7,126.8,136.4
1335,2023-09-27,126.9,111.6,126.7,136.3
1336,2023-09-28,127,111.3,126.7,136.4
1337,2023-09-29,127.1,111.2,126.9,136.2
1338,2023-09-30,127.2,110.9,126.6,135.7
1339,2023-10-01,127.2,111.1,126.8,136.5
1340,2023-10-02,127.1,110.9,126.6,136.7
1341,2023-10-03,127,110.7,126.5,137
1342,2023-10-04,126.9,110.6,126.4,137.3
1343,2023-10-05,126.9,110.5,126.2,137.4
1344,2023-10-06,126.8,110.6,126.1,137.9
1345,2023-10-07,126.9,110.5,126.1,138.1
1346,2023-10-08,126.9,110.5,126.2,138.4
1347,2023-10-09,127,110.4,126.5,138.5
1348,2023-10-10,127.1,110.3,126.6,138.5
1349,2023-10-11,127.1,110.2,126.8,138.5
1350,2023-10-12,127.2,109.9,126.9,138.2
1351,2023-10-13,127.3,109.8,127.2,138.1
1352,2023-10-14,127.3,109.8,127.4,138.4
1353,2023-10-15,127.3,109.7,127.5,138.4
1354,2023-10-16,127.3,109.6,127.5,138.2
1355,2023-10-17,127.4,109.6,127.3,137.9
1356,2023-10-18,127.4,109.6,127,137.6
1357,2023-10-19,127.3,109.6,126.7,137.7
1358,2023-10-20,127.2,109.5,126.1,137.3
1359,2023-10-21,127,109.6,125.8,137.1
1360,2023-10-22,126.9,109.6,125.4,136.7
1361,2023-10-23,126.8,109.5,125.1,136.4
1362,2023-10-24,126.8,109.5,124.9,136.2
1363,2023-10-25,126.8,109.4,124.9,136
1364,2023-10-26,126.9,109.7,125.1,136
1365,2023-10-27,126.9,109.9,125.5,136.2
1366,2023-10-28,127.1,109.8,125.8,136.3
1367,2023-10-29,127.1,109.7,126.2,136.3
1368,2023-10-30,127.2,109.7,126.6,136.4
1369,2023-10-31,127.1,109.6,126.7,136.6
1370,2023-11-01,127.2,109.4,126.6,136.5
1371,2023-11-02,127.1,109.2,126.5,136.5
1372,2023-11-03,127.1,109,126.3,136.3
1373,2023-11-04,127,109,126.2,136.1
1374,2023-11-05,127,108.8,125.9,135.9
1375,2023-11-06,126.8,108.6,125.6,135.6
1376,2023-11-07,126.7,108.6,125.6,135.3
1377,2023-11-08,126.5,108.7,125.7,135
1378,2023-11-09,126.3,108.8,125.9,134.6
1379,2023-11-10,126.2,108.9,126,134.3
1380,2023-11-11,125.9,108.9,126.1,134
1381,2023-11-12,125.8,108.8,126.1,133.6
1382,2023-11-13,125.6,108.6,125.9,132.8
1383,2023-11-14,125.5,108.8,126.1,132.7
1384,2023-11-15,125.2,108.9,126.1,132.6
1385,2023-11-16,125.2,108.8,126,132.8
1386,2023-11-17,125.2,108.5,125.7,133
1387,2023-11-18,125.1,108.3,125.4,133.3
1388,2023-11-19,125.2,108.1,125,133.6
1389,2023-11-20,125.2,108.2,124.9,134.2
1390,2023-11-21,125.3,108.1,124.6,134.6
1391,2023-11-22,125.4,108.1,124.4,135
1392,2023-11-23,125.4,108.2,124.3,135.4
1393,2023-11-24,125.4,108.5,124.2,135.6
1394,2023-11-25,125.4,108.9,124.2,135.9
1395,2023-11-26,125.3,109.3,124.3,136.2
1396,2023-11-27,125.2,109.6,124.5,136.6
1397,2023-11-28,125.2,109.7,124.4,136.6
1398,2023-11-29,125.4,109.8,124.3,136.5
1399,2023-11-30,125.4,109.8,124,136.4
1400,2023-12-01,125.4,109.6,123.4,136.2
1401,2023-12-02,125.4,108.9,122.8,135.5
1402,2023-12-03,125.4,108.7,122.4,135.3
1403,2023-12-04,125.5,108.6,122,135.2
1404,2023-12-05,125.5,108.4,121.6,135.1
1405,2023-12-06,125.5,108.3,121.3,135.1
1406,2023-12-07,125.6,108.2,121.2,135.2
1407,2023-12-08,125.6,108.3,121.2,135.4
1408,2023-12-09,125.5,108.8,121.2,136.1
1409,2023-12-10,125.6,109.1,121.2,136.4
1410,2023-12-11,125.6,109.2,121,136.6
1411,2023-12-12,125.6,109.3,120.8,136.4
1412,2023-12-13,125.5,109.5,120.5,136.5
1413,2023-12-14,125.5,109.7,120.2,136.6
1414,2023-12-15,125.4,109.7,120,136.7
1415,2023-12-16,125.4,109.7,119.9,136.8
1416,2023-12-17,125.2,109.7,119.6,137
1417,2023-12-18,125.1,109.6,119.4,137.1
1418,2023-12-19,125,109.5,119.2,137.4
1419,2023-12-20,125,109.3,118.9,137.4
1420,2023-12-21,125,109,118.5,137.3
1421,2023-12-22,125,108.9,118.3,137.3
1422,2023-12-23,125.1,108.8,118.1,137.3
1423,2023-12-24,125.4,108.7,117.8,137.4
1424,2023-12-25,125.6,108.8,117.7,137.6
1425,2023-12-26,125.8,108.7,117.3,137.4
1426,2023-12-27,126,108.6,116.9,137.2
1427,2023-12-28,126.1,108.8,116.6,137.3
1428,2023-12-29,126.2,108.8,116.4,137.4
1429,2023-12-30,126.1,108.5,116.2,137.4
1430,2023-12-31,125.9,108,116.1,137.2
1431,2024-01-01,125.4,107,115.7,136.4
1432,2024-01-02,124.9,105.7,115.5,135.9
1433,2024-01-03,124.4,104.7,115.8,135.7
1434,2024-01-04,124.3,103.4,116.4,135.2
1435,2024-01-05,124.1,102.2,116.8,134.8
1436,2024-01-06,123.9,101.2,117.3,134.5
1437,2024-01-07,123.9,100.3,117.8,134.1
1438,2024-01-08,124,99.5,118.4,134.2
1439,2024-01-09,124.1,99.5,119.2,134.5
1440,2024-01-10,124.3,98.5,119.7,134.5
1441,2024-01-11,124.2,97.6,120,134.4
1442,2024-01-12,124,97.7,120.2,134.3
1443,2024-01-13,123.9,98,120.2,134
1444,2024-01-14,123.7,98.3,120.3,133.8
1445,2024-01-15,123.6,98.9,120.6,133.5
1446,2024-01-16,123.4,98.4,120.8,133.1
1447,2024-01-17,123.2,98.7,121.1,132.9
1448,2024-01-18,123,98.9,121.4,132.7
1449,2024-01-19,122.8,98.2,121.8,132.3
1450,2024-01-20,122.7,97.4,122.3,132
1451,2024-01-21,122.5,96.6,122.7,131.8
1452,2024-01-22,122.3,95.7,123,131.7
1453,2024-01-23,122.1,95.7,123.2,131.7
1454,2024-01-24,121.8,95.7,123.1,131.3
1455,2024-01-25,121.6,95.6,123,131
1456,2024-01-26,121.3,95.5,122.8,130.5
